"File","Lines","IsTest","SHA256"
"src/App.tsx","129","False","26EDC185CE478C45D3CFEA3A687AB950676C36BA15133FF4AD9D25498B9459D9"
"src/components/__tests__/SwipeableContainer.test.tsx","194","True","EF9D55793504D3D681D69F1C7361B7BE16FB30C697ABF6219DBEEBA396A88E24"
"src/components/accumulation/AccumulationFooter.tsx","120","False","B78E18FA6B4456B23DA913D17242AE9DAFD252A2599909B32968B68D205EC1F6"
"src/components/accumulation/AccumulationHeader.tsx","82","False","198F4A6C2CD8BC36F100918D4563B18B52CEA1443F4F9BF4F657E4420AD576B6"
"src/components/accumulation/AccumulationPeriodSelector.tsx","242","False","9A43B65E5B96BD550E772C7A077B2AFFB963C7B76C4E204C0BB2721B27E52EC9"
"src/components/accumulation/AccumulationSheet.test.tsx","105","True","D76BE7F80B4DA0041ACBBD8D3F5E2F65741FDCA173443EB3E0D4A271001D1175"
"src/components/accumulation/AccumulationSheet.tsx","195","False","9EA531460CCD4D0BDFD7B1D2E6D49492B73ED8468F73675991954403F761ED9F"
"src/components/accumulation/index.ts","7","False","0A91B6E96DD2DA59F969F34C25A427E36E33D14FA50215255EEFBE8A6457BF26"
"src/components/accumulation/types.ts","16","False","7097C9E5DC9DDC6344814A5D3F0C834C83AB849DA6199454E4CD73110E161009"
"src/components/accumulation/useAccumulationGesture.ts","86","False","F0A9E8C1D7BAD38776C7478499A7F66323B2633A36771DE513FB7C221026436E"
"src/components/accumulation/useAccumulationRange.ts","192","False","5D5C19B7DF2E1F6DA9DAA1F7DF88A799E7D2D637F0E8B6EBAA994BC27C707A76"
"src/components/AccumulationSheet.tsx","6","False","C5F0D51DDAFBCA69257A8C9AE67239F321AE0E040180250C407C5971326F5C07"
"src/components/AllRouteMonitoringPage.tsx","11","False","F5505D69B9940EFB90F60EC5ADE17FF13287A05BD576094A3E307DA87507EBE3"
"src/components/AnalyticsDashboard.tsx","85","False","3A6D156E98852B6D9FEFB28C22EFBB0F43100C03C144C906591D01EEAC8F510A"
"src/components/BottomNav.test.tsx","151","True","250F55ED4D6E5449DE87C18E1B9890064F73F67F1B6411B81E882CF221F1A18A"
"src/components/BottomNav.tsx","98","False","ABCCA8C77B51972CE97B0DAD31F06D6F032670FEB4CE3A50871744028544329B"
"src/components/BusCard.tsx","6","False","67E5B5768680F1EB60648BF0F93B1DF9A63A49DDEDB0C7CED01C008007023A82"
"src/components/busCard/BusCard.test.tsx","200","True","97749C9EDFF016717B990ED79BD3F5B38E147A1C48033A09F1BCC2352D25A058"
"src/components/busCard/BusCard.tsx","198","False","BABCEA62325AAE22FFA55A1907078261A331DABBDBC2E2DAB69BFDAC46D5786A"
"src/components/busCard/busCardStyles.ts","73","False","7E1D771B7C7FF5E6C1C73B367DAB2532E3AE89E46D463DE461C41005C4278EC1"
"src/components/busCard/BusCardSummary.tsx","282","False","B54CAC22CCAE218199E884C007BD4F9B6ABD6873799A7E1F7DB795FF36F7B0BC"
"src/components/busCard/BusInputModal.test.tsx","582","True","6007A90DF81CECEFB9DBA4F3E78F9F937328E13DD3EED37234DDA7105F3C8B86"
"src/components/busCard/BusInputModal.tsx","358","False","1D35F9788089E2A20407C099D0D30639EFFEE9201471C6DCFB56DFEA8498A6B6"
"src/components/busCard/index.ts","7","False","3BA5AD27C2094A08DAB625A7CDCF01D7A420D2E3B0898F0F44DBF974E9294625"
"src/components/busCard/modal/BusInputModalFooter.tsx","87","False","D7CD396FEB88E6FD44CCA4A97F1B198B53A7FA75810558FB5C23621F4E1EDD1D"
"src/components/busCard/modal/BusInputModalHeader.tsx","153","False","FFB9DBB1A7C5939415C168FB44840957C79D11EFCEA789C6DCAFA0EBF3A2C21B"
"src/components/busCard/modal/BusInputModalNotes.tsx","101","False","659616E928A5593B39FC9828424AF49ECF0497B9CCAB19B4B5FD98AF5CD74F61"
"src/components/busCard/modal/BusInputModalShift1.tsx","498","False","438A5B37B52014A71E9797C74732AB31E72BB49BDFAC969ADBD2D00D59672339"
"src/components/busCard/modal/BusInputModalShift2.tsx","499","False","48F19B8C26A776E24B15A568B1CC692FEB426ADA9B85FED5F0BF7116C76E3C5A"
"src/components/busCard/modal/BusInputModalSingleFocus.tsx","805","False","4B84C6F6A90ADBB0FA54FB38B4BDD212C302A23231EA07F10A8609DB382E9A95"
"src/components/busCard/modal/BusInputModalTabs.tsx","77","False","483EBE59833929731F51838CE4F63985D966CDB4D1404D0ABF877A5FB72D729D"
"src/components/busCard/modal/BusInputModalTrip.tsx","118","False","ADF24988BB5DF609D6E41105CB5F59D6AD13A024A377CF3853521FC199A94028"
"src/components/busCard/modal/useBusInputForm.test.tsx","352","True","A77CD316C079429E800B460086A3C523ACE031D9A9523ABDD67CD9494CDA2048"
"src/components/busCard/modal/useBusInputForm.ts","969","False","56B572D05235EC5CD631746BF7598B8E29AFAC8B002C87AB080BAD36399DFDE6"
"src/components/busCard/types.ts","19","False","0EB615EA151083534D164870E3411457A067269C2ABA7FBD43D0EDAFF5F8F845"
"src/components/busCard/useBusCardModal.test.tsx","203","True","8EA4EBA6AB630667618A4881BA13091B2935D9FA111FF25812B7C14BEC366083"
"src/components/busCard/useBusCardModal.ts","103","False","7839FBFC455345500B564547E0335B8BE265D483AECD3F2F15C93164FCF395EA"
"src/components/busCard/useBusCardSave.test.tsx","174","True","5E695FB062E6A4F314029E13B06A20F54504A62E240EF4540F0726E0BF2CCE5C"
"src/components/busCard/useBusCardSave.ts","203","False","FEAA22D726039F3E6F2454748934AF07FE0BCD86329AEFE83A0B5A69EC82D1EB"
"src/components/BusList.tsx","6","False","7C37161B614FFE0F9951D6C71085EDDF798244CD8B60114DFFCA054005D22BB1"
"src/components/busList/BusList.test.tsx","170","True","F2782B868D317A64E9F73FC762BE44DDE3CD8F2784B83B06102F02D826ADE840"
"src/components/busList/BusList.tsx","252","False","9F6B0A2EA0FB41E50CF5D72EAF265484A918318C61F46C26281774368ECC6EFE"
"src/components/busList/BusListAccumulationBanner.tsx","85","False","E7DA4FFFBC3D857CC1413245356B2E08AFD37EF85D36E3DE4178CF346FB429E6"
"src/components/busList/BusListControlBar.tsx","270","False","BEFC7FF6D903C0C8C24CF0521D541B24CE89559F445C5CE8C80582D3C2FDC432"
"src/components/busList/BusListHeader.test.tsx","138","True","74718193811419351E602B80856048AF58534F29A6C48826C5D10E871602963E"
"src/components/busList/BusListHeader.tsx","95","False","624023D21DD41D1D9D58B9FBC49AB86CC528A0F2525ED9B3F4248DD3B8701B2E"
"src/components/busList/BusListProgressBar.tsx","83","False","7F90C6492DF0A8CA05C3DAC5CA114F46E831C301A670FF6AEF4C39E2F94C1AD3"
"src/components/busList/BusListShiftLockBanner.tsx","71","False","A1389F6C7E919A8E1E7ABA75DCBF3EAC27B9D40799EA486E4478A8D71571A55C"
"src/components/busList/busListUtils.ts","79","False","6BA6E63AC2BAD7F86D29D9BEAB95FCFCE4B4A8EB7B2F98EAD4719B67F359F98B"
"src/components/busList/index.ts","8","False","1C65834C6C93FC29B7E140173518B5A2A55EA025A0DFC7568B648AA5FC18C96A"
"src/components/busList/useBulkOperations.ts","255","False","171A6B313450CFDEDF4051B405E873A0775C54BBF99B4F66A36A67E84D0A8E67"
"src/components/CompletionStatusCard.tsx","159","False","4CB5E89F8086E4788B0742CAE29456D593B5A211F42B0AF4B1323FAF05C5EE4C"
"src/components/dailyToaTrend/DailyToaTrendCard.test.tsx","104","True","8DE6B9978B8992D55CE09BCEF10B81140BB38DB01F9E5337EA795976426BDFC7"
"src/components/dailyToaTrend/DailyToaTrendCard.tsx","111","False","BBEED20DE6CB207F659E50CD20E7A46C45D1ACD1E347D5FC9AEEFBB71375A507"
"src/components/dailyToaTrend/index.ts","9","False","C4F882A9FBCA90C91311295422AEC9FC3C93E4C4E6D9906FC9903ED1F003CD6F"
"src/components/dailyToaTrend/ToaBarChart.tsx","312","False","2057032E7D14B1A5818AFAE2CCC6F7DD4C245D0CF275E4D3FE31080D25DA569A"
"src/components/dailyToaTrend/ToaExecutiveStats.tsx","151","False","6C3EE5F03A7A55365049A7CD820874842A4EA5DC098D4CB34F24C66B3C17E792"
"src/components/dailyToaTrend/ToaTrendErrorState.tsx","43","False","5739C0DF8B676EDB65C4F81FDD574A1A1040CD79E1A037CCF714FDBC7D600F44"
"src/components/dailyToaTrend/ToaTrendHeader.tsx","56","False","E704CB421893115905C87D7AF674A7057C8F178B3A8D3DA2CFEAB95BF7F2A36B"
"src/components/dailyToaTrend/ToaTrendLegend.tsx","52","False","46F8DCAB3E9359CB3FFECEDB6E044BEBABEFAC0A724A630F2639DABB973876D2"
"src/components/dailyToaTrend/types.ts","46","False","3DD0E04D922328B346964E5767797B2D80246447175D9D87F4DEF768C3168D4A"
"src/components/dailyToaTrend/useMonthlyTrendData.ts","74","False","F6E8ABC446935D8936DAAC11EFC4AAB74561B480614CC1AAFBD4B944EDAB8A1A"
"src/components/dailyToaTrend/useTrendMetrics.ts","100","False","E5008DD9D77D6E345E66C6A7EC8CEFE8D8B763000025ADAFF13643985C7B74C7"
"src/components/DailyToaTrendCard.tsx","6","False","E39A0A6137090E469E4113C258D2318CF7BEE2058290BDA4460C69E3152EE656"
"src/components/Dashboard.tsx","414","False","9128FA52E2B35242B27E92D81BF58CB61018601C1D7E0064E7A5F68F26DC93E4"
"src/components/dashboard/DashboardContentTabs.tsx","169","False","5E7F5DCFF809ADE657933BE9004AF977FE7422185B0123E414F93F51CE83800B"
"src/components/dashboard/DashboardHeader.tsx","199","False","6DF21AA5B52BFA0CB08E4C7D9309221D60D50C216D6CFB9F8C75EC2534BC60D8"
"src/components/dashboard/DashboardModals.tsx","210","False","77CFFEA3B516B09B419925F08E0CE1E2D01D93C30FEE8D739E9B8A128FD75579"
"src/components/dashboard/DashboardStatusBanners.tsx","236","False","558A907525369F7DAF7B4A9A04CA96A455A5AC1721040A313FF1959DDF5AA5E3"
"src/components/dashboard/index.ts","9","False","67E4406CDBA085530C9089AE08B4002590C01D291408C552E6B7E58B0A7ABC33"
"src/components/dashboard/QueueModal.tsx","219","False","C90A85A7CAAC3FA9D53949955849F7FD80011261521C7571BB6D3A07CFA52102"
"src/components/dashboard/useDashboardData.ts","423","False","DBAB842690B6B3C3C5F6255181430F1ED78476664080B6ED83C138B981997365"
"src/components/dashboard/useDashboardFleet.ts","306","False","14CF126956DA26F5B69CEB738ADCF62CE15AAE7FD9C30F9FB137A61A683F17EF"
"src/components/dashboard/useDashboardSyncHandlers.test.tsx","184","True","B8F3BFDDF13F122C028F3FA36C42C61FB58B0C5DE838A5608F2E17892C297466"
"src/components/dashboard/useDashboardSyncHandlers.ts","152","False","628B721FE5FE394ADED9598E2DC57A5430B1D49359F44560AF267E7F35E08FD9"
"src/components/dashboard/useDashboardUiState.test.tsx","158","True","D7D49F6175E780B405A974E77D5BB1AA8211F008DEAA9138EFE6BAC4BE3CF0C1"
"src/components/dashboard/useDashboardUiState.ts","181","False","123D8F4FFFAB7A0950FDD5FF998A5D8F86E2C2B73A594FB01D13515FE677C11F"
"src/components/dashboard/usePullToRefresh.ts","65","False","788A3168F9903AECDDAF0E4483B90CB851863496AD634C2422EB4C33F74EF3AA"
"src/components/fleetStatus/FleetStatusFooter.tsx","96","False","B28FF4EC723BFF26DBB42B83C919C737D073ED0D0AD70F535BBEC32D863BFB92"
"src/components/fleetStatus/FleetStatusGrid.tsx","164","False","34C39F1ACA414F51686D7B0BADFCDDB8820FFB4951D8ACFDB92978BCD6010A86"
"src/components/fleetStatus/FleetStatusHeader.tsx","184","False","22557D7382CA10BD8F92E60BC75391D5578A77A57BC05098ADBDF81BCA9E3B41"
"src/components/fleetStatus/FleetStatusModal.test.tsx","286","True","FFEF069673243806EF1B4222A0B71FD5430B1053E7BB006AB02C3B4A2CCA0A4C"
"src/components/fleetStatus/FleetStatusModal.tsx","180","False","8AF4F8B99FB289EE6BF21FDC6998BE2F21A0251B078D4D810A319399AD090B23"
"src/components/fleetStatus/FleetStatusToolbar.tsx","229","False","FA8FED9371AAFF804EA7574F17BD2C57E3B884716229453C08E5880CEAA46B46"
"src/components/fleetStatus/index.ts","7","False","666643185F82EBEEC9DFE6E6B262410FF18843C7AE6C79A585976476A0556309"
"src/components/fleetStatus/ShiftConfirmationAlertBar.test.tsx","84","True","9EC102F6A009BAF403FE88975D01D72E83FEC3734FF106043B959D7AB2762898"
"src/components/fleetStatus/ShiftConfirmationAlertBar.tsx","127","False","45C6D326317FB0312114EF2D08483AF1AC4B3D4E6BB3A6E9794EF306E7FBBCCF"
"src/components/fleetStatus/types.ts","43","False","52D69BA056EA59AC2D7D02F420B7164C8B08611EE452D1FBFC15EF9F7B7B0AD2"
"src/components/fleetStatus/useFleetStatusData.ts","238","False","4B000487D410751E07DD3BF822AC0471AFA882993FC940DB64B5264AC5CB7E66"
"src/components/FormattedNoteText.tsx","177","False","C25C95368550ABAEAB476A1779F581768F040B9693BBEBD730F4B21E433F419F"
"src/components/KPICard.tsx","156","False","57ADA3DC25510E03F924DF6EDDAB05A1678AD4CAB3380950E1EFA8AAD53AA080"
"src/components/login/index.ts","6","False","B35D4035D329F739ADA8FCAA91B9FBDF76C2BDC2D6EE05EE21C66BF0542EA764"
"src/components/login/LegalModals.tsx","249","False","100527DF178F33ECB401AE4C5D3C2132BC771894F6A27743688879161585B554"
"src/components/login/LoginFeatureCards.tsx","109","False","B4F3979DDB913F02D80D17BD2E3E618D2770034C321CF3DEDB22C890519CE786"
"src/components/login/LoginFooter.tsx","115","False","493D02E0647C94A46C9A42F44A377E1BCAF9911E92E162605C09ADE9945E4269"
"src/components/login/LoginHeroCard.tsx","212","False","55C118361318FF927451E47208D9A417B761C028D82C85C10A2BEE4CF0932309"
"src/components/login/LoginInfoAboutSection.tsx","112","False","DC5CF9C50205DEB35E6E8E61543B9DE6B175F263F5E700C39266396052ADBDCD"
"src/components/login/LoginInfoComparisonSection.tsx","193","False","52C21F67F739CF4C3C794BD211D6F6B1B87CDDC613452966D3637B62B36D3676"
"src/components/login/LoginInfoHeader.tsx","76","False","ACE704E10B88E6E82ABBC9C771E4F78CFA9EAF18D419A0CE5402FCD557828D90"
"src/components/login/LoginInfoModal.test.tsx","96","True","C48402B10EBE7A89C147323B6F0BEA47F2D064CB34835B479FC7A32FA5F55F80"
"src/components/login/LoginInfoModal.tsx","86","False","86776C0087B073961C0B8A3A2FA37C1090EC9C99B10703C4510E63AA3C18EAC3"
"src/components/login/LoginInfoPermissionsSection.tsx","99","False","1EFA19C79B2CBA88DD8739199A6C71E49E093FEE89CBE2134BD5E6E1848C0C1A"
"src/components/login/LoginScreen.test.tsx","149","True","C9ADBBC70E4943996816AAD6E9E732ABF8F48A57CA46DDF254668914C4E4BDDA"
"src/components/login/LoginScreen.tsx","184","False","29CCDC822EFFC9804F7AE0C906EDE0188446940FAB0044CECCD4C09031DA3783"
"src/components/LoginScreen.tsx","6","False","DF780B26423E654C43737AE5C7DED307E11499F0E6BC90712E47D6E546C9BD27"
"src/components/monitoring/AllRouteMonitoringPage.test.tsx","418","True","E95FAEA77500B52FC25D57DE3673BB61ECB36C122FEDAD8620C7825800419EC9"
"src/components/monitoring/AllRouteMonitoringPage.tsx","343","False","E74261EB518C3DBC4577E3AB172AE330B0B39CA1387D74D08087286754A16981"
"src/components/monitoring/index.ts","13","False","FB1AB4428F170C0B687FD231F3B8F9965265D47EBC004D68B0D6FD1AF5198D08"
"src/components/monitoring/IngestionProgressModal.test.tsx","95","True","D0E26A14830471301A83746B68F735A2458CB25D6E748267CDC3EDBC921F038A"
"src/components/monitoring/IngestionProgressModal.tsx","335","False","615A8D66895A0AF7AA030FCAF99EC132CB766C393429528998DF2390403133C5"
"src/components/monitoring/modals/MonitoringRouteDetailModal.test.tsx","202","True","8D044350F2DD65FBCE78267198E94A34F83C23AA0BA5A72ADAF0DCB4C5A04CF0"
"src/components/monitoring/modals/MonitoringRouteDetailModal.tsx","830","False","861AA5B90A03AFDC38868C9AD1EF43481B81614CD4AAF5C52EB280D094A624F3"
"src/components/monitoring/MonitoringBottomNav.test.tsx","148","True","BE6BEA59AF7872765743D833FC19C8E254984C248FA30D33B9BB82797D18A878"
"src/components/monitoring/MonitoringBottomNav.tsx","239","False","0CD157093353C570B4C52CBD32E339EDE2E2911BC252D57E81BB5E36CFB6E249"
"src/components/monitoring/MonitoringHeader.test.tsx","168","True","B3FB13F45295D28FDD726A4B7CC41AB598BC16EB1D5854FC02C429B0CBE7A0B7"
"src/components/monitoring/MonitoringHeader.tsx","363","False","FFC419803C7A289C6B6330FA23F33FEC51A8CC0FCB57780449A83762BB22C222"
"src/components/monitoring/MonitoringKpiCards.tsx","294","False","7A33C088134E9FFE365F298E3C1C94D57A7A95AB768B246B3C2D15B2B8467FE8"
"src/components/monitoring/MonitoringReadinessBanner.tsx","205","False","EAD5066E59777569AFCF253CEC7F8A9A1DA9B292808B426F8E9B1493F866BDEC"
"src/components/monitoring/MonitoringRouteCard.tsx","453","False","068A4AC2F3CD5FF9A78AFFADAF47D28F96E9AFE59DA49BD98329409D138CDDD3"
"src/components/monitoring/MonitoringStates.tsx","130","False","8EF6727CDDDDA297B74F0A7EDB0EEC5CC91D7BAE074190F81B98D597AAA36018"
"src/components/monitoring/MonitoringSupervisorTabs.tsx","61","False","FB44B3807CD5A49B197929EC605E9FF86556EE3AB6AAC4268CCDF9643CBAB9B1"
"src/components/monitoring/monitoringUtils.ts","90","False","46EB1543559FB5AC54923E90FE85D98E428E039EF1B8039D6A664A31C8911A58"
"src/components/monitoring/tabs/MonitoringDashboardTab.test.tsx","206","True","006645B42850F8E14A773F4F5C1BC967FDE4E8A28E30488134A63091BAAC993E"
"src/components/monitoring/tabs/MonitoringDashboardTab.tsx","153","False","BCA7F1BE3E4076D4F9F717D6B7405347CC8A0B9991413E8323877FAF43E72CAE"
"src/components/monitoring/tabs/MonitoringFleetStatusTab.test.tsx","207","True","1119A0D7952E18258F990749AEC02BD46BC93AE4E37A969757B3BBE30FCA999B"
"src/components/monitoring/tabs/MonitoringFleetStatusTab.tsx","700","False","F0196C42633C0282610994153AAF5757867CE5D42884D0C762D27A7936ADE651"
"src/components/monitoring/tabs/MonitoringLeaderboard.tsx","347","False","F002330A9BD4F0F16695CCBB494C59F0F1A56822851996C2310EC8F450823B30"
"src/components/monitoring/tabs/MonitoringMacroKpiGrid.tsx","178","False","04FE40B44B83D6A422C5AE8003AB1ABA9C9998D461F46C5353BB5139C4BD8665"
"src/components/monitoring/tabs/MonitoringRouteCardModern.test.tsx","135","True","9F740B61D73A4DED0F5D95BBD6D13B7B9D526A88A4CA4DE8A198E22DB44B6CF2"
"src/components/monitoring/tabs/MonitoringRouteCardModern.tsx","467","False","2BF6904A0978BD7839743F7FD7DE5C2190922EBD061C6574CD603B8508714BED"
"src/components/monitoring/tabs/MonitoringRoutesTab.test.tsx","325","True","2932798AF75E96848FA3512D1EB10E3AF186AC8D0161844E955D08E32C847816"
"src/components/monitoring/tabs/MonitoringRoutesTab.tsx","464","False","6E896484BA335F1DCE84C2D96753AED92CFA63167474951F294A7A3203279E8B"
"src/components/monitoring/tabs/MonitoringShiftSplitBar.tsx","202","False","209A421085774FE66F3055C3AF49C1D6BBA5CE2CE026F4D8875646B17107A067"
"src/components/monitoring/tabs/MonitoringToaBarChart.test.tsx","194","True","12A6DE7C9E094B535B9C07CEBBCD5E658E96CE7A7C5C0CF80EAF8F4B6C5B4B1D"
"src/components/monitoring/tabs/MonitoringToaBarChart.tsx","402","False","F3B3C5B780505BED750A61734CB96DF7886BB2EED450C75E4E216E2129435D96"
"src/components/monitoring/tabs/MonitoringWaReportTab.test.tsx","205","True","848A7C378476ED529D1673A73A7E3BD618632A9D2C3194E7F95A5078A9CDE473"
"src/components/monitoring/tabs/MonitoringWaReportTab.tsx","425","False","1A96CAC1F8473E3506ED4D205AC3E218EF4D6ABA95E88214A248007A331DDA0C"
"src/components/pdoReport/index.ts","8","False","83DFCA00F53CF4E745978FF56A4D2188D6140EB4E6D3B7EB51D96473D3947456"
"src/components/pdoReport/ReportAccordionHeader.tsx","97","False","F850CCAA3A249AA1F2E91389CD01537B367AFBB237AD7A4111C3CE083A3F1F66"
"src/components/pdoReport/ReportArmadaSection.tsx","252","False","4C169A8991CD3DDF411DD9D3C0859E91376A20A719CD29B9345A0CFE6FA4E8D0"
"src/components/pdoReport/ReportHeadwaySection.tsx","110","False","66D28BED0216F0D2B45C45F7FCEB3B34FF20A8B2A7BBF012845F11691F001CED"
"src/components/pdoReport/ReportIssuesSection.tsx","88","False","EB7E3A0EE7C2268986C70F9F363C8D0ED24CB6680A0ABC5F0DF58310E2A90AD9"
"src/components/pdoReport/ReportModalLayout.tsx","198","False","C8720EF779E60074C93AAA315273F03952185A4E06B6C15E24390F2B477A3015"
"src/components/pdoReport/ReportStatusBadge.tsx","62","False","0D3E255414058F2C36FF34FAD9BCCF6D1928AADEC22E3AEA1D1BCA73EBEA42C7"
"src/components/pdoReport/ReportTrafficJamsSection.tsx","147","False","56C38B548D5765789BF31A6E4752393ECBF99D583889A96BD375AFD147310A75"
"src/components/pdoReport/RouteOperationalReportCard.test.tsx","192","True","114AEB7A0BF11F1C1CC498077C761A3614E19BD86DEFA846AE7E202A3691A569"
"src/components/pdoReport/RouteOperationalReportCard.tsx","246","False","46248FC0FAA73D693DBD2DECD44B699949E48F7EDA840A3539E00EA985DDFEE1"
"src/components/profileMenu/index.ts","9","False","3E329F26C1DA3BCC7AE178D55E6E4770E8AE5F7A88C121CC400529E327B5190D"
"src/components/profileMenu/ProfileAdminSection.tsx","132","False","0CF1BB95DEA56B36353857CF322CE9552DE70ABC02128EFEA57B7B652946138A"
"src/components/profileMenu/ProfileFeaturesSection.test.tsx","108","True","89CD7CDA98243E817CF5AC95222418DF7CFD389AEB36EA9B80624CD13DF814B3"
"src/components/profileMenu/ProfileFeaturesSection.tsx","334","False","93DD606935D9E43BB92150B9EF3982BD7E97EBC2144213DE1D67D4894304BCC5"
"src/components/profileMenu/ProfileMenuFooter.tsx","68","False","3240B1DFFABC96F8F428D1B3078F06D0BB8B9A348E53993030A413EBFEF44D2A"
"src/components/profileMenu/ProfileMenuSheet.test.tsx","149","True","DAC96E55F0CFC90FE5BDF67D23DEBDA36A890F8F69528C3013F53142A59CE78C"
"src/components/profileMenu/ProfileMenuSheet.tsx","178","False","A3E3A0E5CF931C5F8B2A61005E1E459302B37371A6EDE7FAF2024E0E0B935FB4"
"src/components/profileMenu/ProfileUserCard.tsx","146","False","A471461F43E3EFE7CDB3C64E6BEDD93DE4A9E1A5396CD891E8E22467F69D741F"
"src/components/profileMenu/types.ts","26","False","D3422AE5D3AC3525F3C301BD888AF12C995E3313F71424378A68C2BBD166E389"
"src/components/profileMenu/useProfileData.ts","95","False","02449D5A7934ABEE43A8F18A7084786985C8F9CCEE338B208A0D1C35819BA0DA"
"src/components/profileMenu/UserProfileHeader.test.tsx","123","True","07003045724E62283ECCD564BFAA73DDA6A41BD19A2FA0A81D077CC80373E860"
"src/components/profileMenu/UserProfileHeader.tsx","171","False","75649EA6B7F9E15346697BA4EC092181512FB7AB3B5134131E50C369755E9ED4"
"src/components/profileMenu/useSheetGesture.ts","86","False","443FE7CC14CF27F086EE44F8201CFA744ABD93C8C992C0FBA874155CE0315793"
"src/components/ProfileMenuSheet.tsx","6","False","555187DDC42F6567438F25C5FFF4E1229DA41E698A7331A48152C3FACC1C6568"
"src/components/QueueModal.tsx","6","False","48E7595672824B764971A967901D679D2B005FBCCCA2B79C94C76563FBEC3980"
"src/components/RoleBadge.tsx","6","False","9B2EC3E1DE436AC7391BD174AE48AB51A39769FB930D760CAE9E21A278FABBBB"
"src/components/RouteOperationalReportCard.tsx","9","False","145ACA2ABBC9AB75F7C0A73EFC0C049E51739F191E33E46253A22AC6E29771EB"
"src/components/routeSelector/AddRouteModal.tsx","361","False","A921B18F461E822ED443E8AA2876AB2C25CB4BEAAD8150727AE97B5A0DB73629"
"src/components/routeSelector/dateUtils.ts","29","False","E3548B61DAA122BF4EA593AAC4F7878D6A6BE9BA06A83676162748410C0F5098"
"src/components/routeSelector/index.ts","8","False","37036CA6050E1C8C21AB381330A6776463CFE7FD56FA684468FD846E61D4A81C"
"src/components/routeSelector/RouteSelectorCard.test.tsx","429","True","054ED3476E58F117288FFA0A598D624D60A0B4901402FDDC98020DD76DDB0469"
"src/components/routeSelector/RouteSelectorCard.tsx","239","False","668AD75221B2816F633B7E29C9421947C33A3072F70405ED9646613257835A41"
"src/components/routeSelector/RouteSelectorSheet.tsx","384","False","E9AE8BB8CE6603172B78BDE97871E89D643E5FAF803C42FE492A0CE66F700B10"
"src/components/routeSelector/types.ts","35","False","182EC6180231D77894F96112D60C399B6D210D4634FFE95E43D713C4344FED9B"
"src/components/routeSelector/UnifiedRouteControlBar.tsx","184","False","738CCA272DDB894C3B2D8688D723117F95C69271B77DF2A911ED2A6AD97FDC9E"
"src/components/routeSelector/useAddRouteForm.ts","276","False","EAE3A8840BDF451BF872EA673E7C3EEFEBCA207FA9E84210136A47CACCE3E9BF"
"src/components/routeSelector/useRouteCascade.ts","329","False","6625F6D3AB846E5786F5D80C31B20E03D946EEDE23123AF8D8C4B3D256B5B6C3"
"src/components/RouteSelectorCard.tsx","6","False","7083156A41FBC88271CD2FC4346C2FE49929C6E8CDCD2A916737C732BD39D899"
"src/components/ShiftComparisonCard.tsx","117","False","CB163B88E4C9B62044711B8EF97039337A5D43F913FA9F093811BC351C655497"
"src/components/Skeletons.tsx","359","False","720922A2251C0F5C5CE54812A8537716B8DFD32E5F79617DADB9F8249CBAF8DF"
"src/components/SwipeableContainer.tsx","93","False","14FB750F0BCA8D19AD4FF4406C71C5C63238EBFF31B82AB964E368FE4577F6FC"
"src/components/UnitCard.tsx","340","False","A7F8A3AB6AF491150BB659C69E5EE2A7FA2C76E1D76B92C0C438080D1406F7E3"
"src/components/UnitDetailModal.tsx","407","False","173B1EBBB7976240C30E3A1B1FE3A9307B8F4A81820193C132756AA3F52792C8"
"src/components/UnitSummaryDashboard.tsx","125","False","7E5DACAD903FAAE7D0E6D8A780CFF8301874431A795487DB4DE1A9778B649686"
"src/components/userManagement/index.ts","8","False","1D78AD302569E6CABF1873EC0F119705F26E79A8A609F3B2BE1D055C6CB39A26"
"src/components/userManagement/RoleBadge.test.tsx","74","True","CFF310541B657CDBE1E0374C466F17A27E9CCFD4D6D8DB0F70047B530DE62ECE"
"src/components/userManagement/RoleBadge.tsx","131","False","D660E867E76849C767F98F33BF46D9B14654E36192E9C3AED643C7C04ABB4F23"
"src/components/userManagement/UserCardAvatar.tsx","63","False","836E69F870FD241F5187A401BA017A675EED5E266B2DEFFBDBC657FDA5A63486"
"src/components/userManagement/UserCardItem.tsx","285","False","8212CD93D58BF85BDBE70D0BEF45FCEB539B55FBC694BA8BDDF28C20171A2810"
"src/components/userManagement/UserManagementFilters.tsx","180","False","202D866054EB7E9275A838EC5BB84C9AC80B5B5A7CB60FCF88F042769D91F8D0"
"src/components/userManagement/UserManagementHeader.tsx","174","False","70CBA94A7A5389CCE6931B363BFC66FFA109DC34158F9314BC0FAEE3C8EF77A2"
"src/components/userManagement/userManagementModals.ts","215","False","7FDEC181AEC5EA203AFBBD8CA3CD3F23D4FB22D39B307F400C76A9849D01B4F9"
"src/components/userManagement/UserManagementPage.tsx","324","False","8A1EF1F8C9AB14559B8E0B9B69109994540200C36E1F3B770D165D38103F771E"
"src/components/userManagement/UserManagementStates.tsx","131","False","7DCDA54EF88388946CD378B4F867491F5FD88F461E7FEECFBF08D0D171B4CC85"
"src/components/UserManagementPage.tsx","9","False","CC54FADFB79A66EFD44C0B54EA7FA9D96E2F3051B791E7A3CB97312E4911776A"
"src/components/UserProfileHeader.tsx","6","False","04133225A93F19BDA9A55AF14CF92361BCAC0BB76CF8E35E0D84FD28822952A1"
"src/components/waReport/index.ts","6","False","79B318505C466ED27A0740905A4A7371C2424D3DC0A9DEA7AECF0B37CCDB4A78"
"src/components/waReport/types.ts","11","False","19D577B5120D19D27C49CA1C2A6B6AF644ACA0731E70EB9BF2557FF857356513"
"src/components/waReport/useWaReportData.ts","197","False","A41ABF68A58C593FF12C30C8C556690451192DADDD8F1906666EA5794B57F86B"
"src/components/waReport/WaReportFormatTabs.tsx","304","False","559A19077A1F05F3586E8A97C5123D045E4DE07EEA14AFD1C049400DC2E6A25A"
"src/components/waReport/WaReportHeader.tsx","69","False","E0F7AF41704A3C663CCCD5DDE738D260C619C7507D777FF456952688AE98CC10"
"src/components/waReport/WaReportModal.test.tsx","213","True","F9E706C299A327F60185C7F2CB478270E8DDA98FE39C59F93861641595CC4040"
"src/components/waReport/WaReportModal.tsx","100","False","F2C6ABE3C04FB2AE62B76186B1A4794959E30D243D6632BD3933DAB3BF6071B6"
"src/components/waReport/WaReportPreview.tsx","103","False","0D4D48F528810B57B2401DFACCD4215AB3600903B3D75EEB7091860751C73498"
"src/components/WaReportModal.tsx","6","False","F4ACF05C97F7BDF64BDDD506187D254B1873123190649F62878D19814E191EC8"
"src/constants/operators.test.ts","109","True","2A908D1CF1909B8BFB29623C487A4C6408D1F30C4989D1B1CFC3A37F435F6724"
"src/constants/operators.ts","147","False","85AFBC9F572B93CF0879A2CFECACE8D2B9E6E8ABEEA61F005DE00FDF2CA31CBE"
"src/constants/texts/index.ts","14","False","3CE64FD4FEF406F749C681BADC7C9133F38711BE7660AA9B33C2A6F10D9B081F"
"src/constants/texts/text_alerts.ts","234","False","0D65C2B6AA0BA117BA3D7A1DE8D69710ED4058772F24DA4D9227BEB4358F98DE"
"src/constants/texts/text_auth.ts","49","False","2B56FFDC9FCD7194C0D363AEA8D6EBD1A9A0EB9DC10ED96C7512EC414549B3C4"
"src/constants/texts/text_common.ts","38","False","3AEE18BC1D2CE8D757F238FB123BEEDB0A49C12F881966FCD96027CA07B80448"
"src/constants/texts/text_dashboard.ts","276","False","F9F5E272BA245A235AD5D0EA21ECBF469568292FAE1B6E75182D6C75832D918D"
"src/constants/texts/text_errors.ts","28","False","6C8138188963FDA485FB7EA4B0BF70B35D44FBCC8F4294AD203B65E2B07DEF31"
"src/constants/texts/text_fleet_status.ts","61","False","A5B636AED7D9C597A26A3F340CF353D9BB03B7F0FBB90DA86548F969CA261CF8"
"src/constants/texts/text_monitoring.ts","253","False","4D08F42C7BA0BD1BE5551043A78DBE323C0C04F0A56F7F6F864F9E5C5E80A45E"
"src/constants/texts/text_pdo_form.ts","44","False","B1E863151BB5B86FE7952A993D0CB3D84BDDCECD6C931787D0AC3AF1F4A7D6B8"
"src/constants/texts/text_unit_detail.ts","22","False","2DD0223620F6EFF6D7EE3E2896E322C9AF59364B0AF15C3B5203B6A8F827B835"
"src/constants/texts/text_user_management.ts","99","False","825E469A266EF853E864E4C18D2BF72A5F0808C6A3B8085360B85E7BF871E192"
"src/constants/texts/text_wa_report.ts","74","False","EA866CB166DEB85383EB7E810ED4E27637719BA42C3591D6093C760CDD2254B6"
"src/constants/texts/texts.test.ts","302","True","318A24372EEE01026329931B8F05228CAA0E5589FF78D53D99E26776E846EEB5"
"src/hooks/__tests__/useOfflineSync.test.tsx","247","True","B59FFFE56E3987FAF9674F1CC5E7ABECF174E5E5A848AB139EF7072B58569A23"
"src/hooks/__tests__/usePreviousDayOdometer.test.tsx","258","True","EDFE9A74275F1517B17713305E875F5D39EB4CAB960B28BC09EC8382D5A88692"
"src/hooks/__tests__/useUserActivityTracking.test.tsx","66","True","1A4C1C54824C0857819C429B975FBD24C3CAEB72983BECBCEFAF66CEEA47EDD4"
"src/hooks/__tests__/useVisualViewport.test.tsx","102","True","8CBEABB806C0B78EED33D3827D051936C912A996C7C763F897216858FDF60A15"
"src/hooks/useMobileBackHandler.ts","33","False","B4D92ED17BBA51DEE2AF762CFD49C8883FA893791205D76A92A7454A6F5A6EE2"
"src/hooks/useOfflineSync.ts","327","False","B6DEF9DAF2EF1D6CBFF6048F09DD7C15A441238420053BD44D267B5D06CAF8F8"
"src/hooks/usePreviousDayOdometer.ts","289","False","BD47DD2D866A1D6C9DF59AFD1D1278495103EEB06946C52D75EBDC56DD4A2DE8"
"src/hooks/useUserActivityTracking.ts","59","False","39E2084397E16F0C3CF508E0A45EC87996D67FCB3159DAF2BF7E3F4013649E37"
"src/hooks/useVisualViewport.ts","79","False","3A05B75770089C140F2C44D99AAC9893F91CC9F9C88E638D18138EFA8614347E"
"src/index.css","2165","False","0A9F28A08068A98CEA986F1D86321F2A369AD4683679FCF0CA5FF23FA133669D"
"src/main.tsx","10","False","6E9E5807FCBD48B75A96DB5CBEF36C996262196BE42E6D4760DC86BABBE61AD2"
"src/services/allRouteMonitoringService.test.ts","372","True","9B82F0ACA32B56756226CACBE6FE38AE8BA6F052E30CE85B43D936B551EF0231"
"src/services/allRouteMonitoringService.ts","539","False","48DEAB4AC0C6E25BEB5B4285091FE8F6CE0A0099A6F3AE444B8B79291099CD9A"
"src/services/appSettingsService.test.ts","77","True","35BBB5535F1D62E9C21963D9B0E433F86720DB5B65A02E4EF819576939BEAE52"
"src/services/appSettingsService.ts","100","False","0C4DD5E47C17B9879ED2B043C8A30D468679E81BAC12BDD88086C0BCA275F5F9"
"src/services/dailyRouteReportService.test.ts","245","True","682444C6D97FACF8B5F99F6589793BCF20D4A6D043F38564A6929CAE7A0C064B"
"src/services/dailyRouteReportService.ts","242","False","637DC1960E96873747F0501903CC9A644CA37577C96AE607BBAA93C308284020"
"src/services/fleetStatusService.test.ts","193","True","59A84496C8455B2DCC1C75B807FFBB23D1BE564203A2F94431866968F0EFFCEB"
"src/services/fleetStatusService.ts","212","False","F44A3183F44A964759419267959FA9162948DA867526EFAAFB2D00F47E5E92B1"
"src/services/googleSheets.ts","7","False","8CAF68C1D342497F1528549A85B119E469B1E2B219A6D738E8597ACCD91C5992"
"src/services/googleSheets/analytics.ts","458","False","CD53106B849CB53D29A105B9F38E299FF75489DA0501C27A0E06E7625C64961C"
"src/services/googleSheets/auth.test.ts","129","True","E4F91C9B94612F135BD5B0C69B419501856D478C58E2A09F53261BA7B7D11DD1"
"src/services/googleSheets/auth.ts","26","False","264C175CDB137F12D088E832D328FBD4BB7DF504043E01EB935C2CFAC9E16867"
"src/services/googleSheets/authGis.ts","319","False","036BDD0247A25607FCF0E7480F0523D7FA14A99EE82436B8539DBFE63EF34516"
"src/services/googleSheets/authSession.ts","356","False","16944A1A59EA60B7F34EEE80540613E01FA7A5951EFF128D25A30335ECE478E8"
"src/services/googleSheets/core.test.ts","128","True","27E5BD22CE070E6F43C617AB2D313D48FBDFF33A35821FBC3A476C193AAB12C1"
"src/services/googleSheets/core.ts","466","False","EBEAE4F74ADF7E0A4E3C996A0E1C99F5D9AE9056B3EBC49EBACD73C968FCCA50"
"src/services/googleSheets/globalReportReader.test.ts","142","True","0AC51B33E5503B7E2B8884CA747BD7ED5CB686E23E8C044BED133D265EBC3F71"
"src/services/googleSheets/globalReportReader.ts","176","False","B890C7A02EA2E83F0C3F20BD2C95BABAF8142001CD08CCB697381AF8BE0A5C10"
"src/services/googleSheets/index.ts","14","False","0675F05EF366A3895DDB34D569F2D6381C822775C573B5D86C4D592826DCFFF7"
"src/services/googleSheets/mutations.ts","344","False","DF12B62FDAF0EB8222DBE0E12F073E5747641B9FAF10E17292AAA92E66601670"
"src/services/googleSheets/transport.test.ts","155","True","40FAB79B628DB36566D4C21B06D10CE3EDD36F5F75BC984694BB95F5166148E8"
"src/services/googleSheets/transport.ts","270","False","4E988451326CC12B1804056BC7F0258B55A6FB234A5E75C1721CA09A78C7518D"
"src/services/googleSheets/types.ts","42","False","CF741D386CDB38CFFA8D42A900183CFA5BD07CF42C9164EC4E80B7C2E7A3C678"
"src/services/regionalIngestionService.test.ts","144","True","875A9CBFB80920F289C5158BA930487BFD7F2E46227323F3F6C6989E991ABBD9"
"src/services/regionalIngestionService.ts","295","False","DA485EDB7A3C9D2B463CBE6BF17D052D840AF28D444F7FD35CD8438198E4C39D"
"src/services/routes/audit.ts","51","False","C9EFA94EF241C6E4C55C8727CFFC484809FEB1F8164EDC554CABAD23F5FF7C0A"
"src/services/routes/index.ts","10","False","16266C1238BC78C0CD66D8F69B438659CBCC84A87DBF55E792D363BD9DF578DA"
"src/services/routes/routes.ts","328","False","46288F75B59268158AD2F9FA3BD701EEE43E2737BD0504B83FB1A170F47EDCB7"
"src/services/routes/sync.ts","39","False","920EC1DD38C0F00A25B19F126102CA16893BA420E6A714BE6D9B961213582EF9"
"src/services/routes/types.ts","6","False","D35B095EDB9103C4E011BCAA53375CABE75A447243E457A8F0BA0865F324DC3F"
"src/services/routes/users.ts","492","False","5794FF50D911FA810FE99FEA9785B2CF345DD7C97EA5280D8D27FE906392808D"
"src/services/routeService.test.ts","477","True","75AF4E3310E3143D6158D1AC45C76498CB912CCBC9CCD4CF36956780F1EE2AFD"
"src/services/routeService.ts","7","False","4D5C56BB1B97CEF4FF0C539FF07B71973441A8BDDCBF7A02932998B5F9680037"
"src/services/supabase.ts","17","False","E057911DC6D8DD26391FF57E4E1A6C12D3787B47A20D3736E8A26D441F43BFFC"
"src/types/supabase.ts","228","False","9037C7E87FCCD8269F4B80BF9DC7217E0D35A267095AA4599531864DABC1FABB"
"src/utils/alertUtils.test.ts","852","True","8BB08F14CA931133962D465E5FA9F548D5DA84C68F2D3C40760C9943F0059EF3"
"src/utils/alertUtils.ts","236","False","63A60EB8F324F88AAE68CA176BD050B09F64E03F410B1F6ED29071729BF150B0"
"src/utils/analytics.test.ts","100","True","207C62B5DA43C11BEFE66A8C2C5CF7013CD3B06DDA432B2F7A187277FB9E46A7"
"src/utils/analytics.ts","351","False","3A0FC9F387A00E154ED9EB0AB7C44BAFD2AFC2FD7CC74213BB9EBBC6CD0E515B"
"src/utils/auditLogContext.test.ts","65","True","BBC3B9B3B00C9BFB70F1CB8D4A80389AF30CDD7E62906016E3DCB76FECFB3E53"
"src/utils/auditLogContext.ts","37","False","F8A5F32492076DC7561C240FA2AC806D5D97CBE0C68EFE98D6F0D81AC4EDBCDF"
"src/utils/cacheUtils.test.ts","178","True","B945CD0258DE497D1EB2199A714AF75C7D3589A2B24168468BFE586FA94E4E1F"
"src/utils/cacheUtils.ts","76","False","B61052BBAC2004D25CD5ADBC506606ACE70C8135ADECB044C0C82C7E8D26A720"
"src/utils/conflictMerge.test.ts","86","True","D463FE26D6B449B5AE46574DF8B12719DCE4B697AE7304626F3CA8E381238C08"
"src/utils/conflictMerge.ts","29","False","ED381C36147885E35B6E6C4B10F98D4C3281CBCB04594E748D61B911D415661E"
"src/utils/errorClassifier.test.ts","51","True","A576643DF33A9FCBE02995A63F42C4357B8A64538AFF3B1F91909F94F9756BD4"
"src/utils/errorClassifier.ts","72","False","18217395EFE5D94AA746EF40F217069098DE54B3500462824BCFCB2F8807F171"
"src/utils/errorFormatter.test.ts","57","True","7420A831087204762521CB63AA9E6097F8494C2376E020E902561E765420D898"
"src/utils/errorFormatter.ts","128","False","86C11D1C5210FC17177DB96C4D0EDDBF85FEDDA9F0B04D2A349FB6CF8ACAA805"
"src/utils/historyNavigation.test.ts","53","True","A7762CB7C90C5183C2D93A2186402F83BB953425F5DFCB3EF13E260584D818B8"
"src/utils/historyNavigation.ts","134","False","25F037FC0CAB461F34D9CABAA60F2DA487397C68C2521885C87DA709002EB738"
"src/utils/holidayUtils.test.ts","91","True","FD0F6AD2D163C3731FBDA683E78D591180C825D35DBAB4557E41F3ACD84A7171"
"src/utils/holidayUtils.ts","140","False","8F64E105E28184E865ADD98B2243FD9F1A552EE8BED6644A83457CF8D4FD823C"
"src/utils/keteranganUtils.test.ts","238","True","1BF49DC61AF7F8F2390F12061A631AC8B9C5DFF6A41158B0731F6E1DFCFC55C0"
"src/utils/keteranganUtils.ts","222","False","D41464295B27ECCE8CD80480ECA2EEFA2411F53E223CA0A00FED080ED286EA9C"
"src/utils/modals/bulkModals.test.ts","109","True","AE19DB504271BEA9FB7B7B52288C4D15381630EA85939CFC4A81C1C08C5C653D"
"src/utils/modals/bulkModals.ts","268","False","D4DFCCA0984BC4D3097C167F1BAEB08D2E619D26136296CCE5F100167DC8B396"
"src/utils/modals/busInput/busModalEventListeners.ts","250","False","7CEEDE461B72486967DDB3509880DC4C664D2CA42D9310392AFCF9B7F0D24CC0"
"src/utils/modals/busInput/busModalHandlers.ts","13","False","A3F76D139EA949238D9A1717F4966504AB804DEEFC7D0D45E4BF6799B3448E89"
"src/utils/modals/busInput/busModalKeterangan.test.ts","110","True","8FCFC4284FA51F167FFB2C4CF8D0DE0487E5901FAE6CD968ACAEC713675F5870"
"src/utils/modals/busInput/busModalKeterangan.ts","235","False","F8CD5C465720E9D3F8EBFBA045441C1D9B932C0AE31B4649875366D8D5704156"
"src/utils/modals/busInput/busModalOdometer.test.ts","81","True","22D1877ABE08AB7C3983808799D5C1610CEBD1A72101F30521519C32D75AC63A"
"src/utils/modals/busInput/busModalOdometer.ts","115","False","DDA580E6A87CA9DA1BBD557A12BD291FE26BFD3538EAF3177FFBC02B1E9E0E0D"
"src/utils/modals/busInput/busModalPreConfirm.test.ts","162","True","E4F32A953F1ED5917E08D66AA737E763596A54D66CADA18409F7AE3F16A360E4"
"src/utils/modals/busInput/busModalPreConfirm.ts","438","False","2C0B9A25A9CF829DB535689D5E07806AA6EB8687F3CADD4D386463D913678B41"
"src/utils/modals/busInput/busModalTemplate.ts","40","False","419D02FEFB64E5BC95738B670C8AC2B5C6AFEFCACBB13F509973B1CBBF99B37C"
"src/utils/modals/busInput/busModalTemplateFull.ts","114","False","A5DD87189FF525B77142A6E4AA4E97220388DA3FCB8D3C203C1316D47D983480"
"src/utils/modals/busInput/busModalTemplateKeterangan.ts","110","False","18962DE3C88CF249180DDB186CC3F231F528BDE53E339AA82BF0CFD876368E58"
"src/utils/modals/busInput/busModalTemplateSpecific.ts","231","False","DA4CFC1F3721BF34E2147C9C0504C8B09EC568EAFF589740509E19FC417CBB96"
"src/utils/modals/busInput/busModalTypes.ts","82","False","DCCF47902EADC7FF9781A1A7D44B71E750AA11FE1F1FCADEFF09A47AB9539FBD"
"src/utils/modals/busInput/busModalValidation.test.ts","123","True","340E481C09ACF887B5794F87AB2D6B4B9E4CC03EBD35E09DBA5A1D561978AD39"
"src/utils/modals/busInput/busModalValidation.ts","230","False","DF6E815D4EF3B97B1029DECCC17521A8F5E53593D916917E1AB8147DD3890173"
"src/utils/modals/busInput/odometerRegistry.test.ts","54","True","E360338EC34C025349DC8FCF7B10ADE4518DD80A0DA31C643D62EB0BD8A7DD59"
"src/utils/modals/busInput/odometerRegistry.ts","64","False","8409153B99529FFE1D95E2248733583FB2657D3EFE63FA1969B58B6B9D4BC6AB"
"src/utils/modals/busInputModal.ts","126","False","F6F3FECBCACB13EF5BB081B702F360081C48C28EA0047A0A772ED4F63250FAAA"
"src/utils/modals/regionalSyncModal.ts","134","False","3309278B53650D336385F2BA06C360669B71A123B7A5E6BFCABF7C9B9C980A52"
"src/utils/numberUtils.test.ts","76","True","B51A8769EFDB4565A9EE1BA4F79A6538FC7ED73C9B958E17FE74DDF18E12D84F"
"src/utils/numberUtils.ts","38","False","86299505F5D9E34DCD68DB845CF72BEA15CAFE3C1CF479188B7E97D28317F261"
"src/utils/roleStorage.test.ts","43","True","353D2E5349EF48CCB0659A5EE3B82D022A619DF8E71F7049E97C2A28E90BBA62"
"src/utils/roleStorage.ts","20","False","A5F67E736D6A73AC94DCFC9AF78E081C2F98C2E6DFC56FCC2FD9B5C91F3F3E73"
"src/utils/routeValidation.test.ts","76","True","29FA5CD95B44044D8AB9AB823ABB9E75FF90C7DD087A6B09D3A6525919D3D1A7"
"src/utils/routeValidation.ts","78","False","2EF66AF4E619972CBF6934D23B814E97210FBE1C823491BF9BAB82F6EBCB6F94"
"src/utils/sheetColorUtils.test.ts","62","True","EA11D3ACD73327C5169C071CA69E3FE5B50980E6699A29C3F83C40D1820721A5"
"src/utils/sheetColorUtils.ts","59","False","19368C8A9CA5A16B04D5AAC548EF4005285714778DB3B890EEC9299D3130B516"
"src/utils/sheetIdentity.test.ts","131","True","BA6353F5B7F77705CF587FF936505D7252963B59620195BDD99FF3515E6CE148"
"src/utils/sheetIdentity.ts","57","False","BEE02D8E786087E82512E5586BC1781D2EFEEE8F8A1DE3F2B15BA6649FD85A5B"
"src/utils/swalBase.ts","55","False","F18774985A809FB8FD77402B14737F89C2D602E77B54C7E60FD230B165DCBF5B"
"src/utils/unitAnalytics.test.ts","144","True","156B91BC585A9F1465F80D4007D987DFA7FCE7A98DB8DAAE4B18E934F4DCBAC2"
"src/utils/unitAnalytics.ts","275","False","EE2037ABC1C8E3E16FC1B564D9A8A6B8958B0C388FDDA4D78610C649ED7EC75C"
"src/utils/waReportGenerator.test.ts","295","True","04A1E4C5337FE092D5A63FC3E59DFAE12143E11A59E6DF111B114E616D960E5E"
"src/utils/waReportGenerator.ts","351","False","B098EA7B07C628BE96957A179A69DC592E27EA5638B244C56A1ED767496142B2"
