Path,Peran,Fitur/Pemilik,Tanggung Jawab,Baris Fisik,Pemanggil,Dependensi Domain,Pola UI,Teks & Gaya,Test Relevan,Keputusan
src/App.tsx,Page / Orchestrator,root / app,Komponen UI App untuk fitur root / app,130,src/main.tsx,"GoogleSheetsService; Supabase",Standard Render,"Texts: [TEXT_AUTH], InlineStyles: 0","src/components/accumulation/AccumulationSheet.test.tsx; src/components/busCard/modal/useBusInputForm.test.tsx; src/components/monitoring/AllRouteMonitoringPage.test.tsx; src/components/monitoring/tabs/MonitoringWaReportTab.test.tsx; src/components/waReport/WaReportModal.test.tsx; src/constants/texts/texts.test.ts; src/services/appSettingsService.test.ts; src/services/regionalIngestionService.test.ts",keep
src/components/AccumulationSheet.tsx,Facade Re-export,common,Facade Re-export untuk AccumulationSheet Komponen didekomposisi ke src/components/accumulation/,7,src/components/dashboard/DashboardModals.tsx,None (Pure UI),Standard Render,"Texts: [None], InlineStyles: 0",src/components/accumulation/AccumulationSheet.test.tsx,keep (facade kompatibilitas)
src/components/AllRouteMonitoringPage.tsx,Page / Orchestrator,common,Facade Re-export untuk AllRouteMonitoringPage Komponen didekomposisi ke src/components/monitoring/,12,src/components/Dashboard.tsx,None (Pure UI),Standard Render,"Texts: [None], InlineStyles: 0",src/components/monitoring/AllRouteMonitoringPage.test.tsx,keep
src/components/AnalyticsDashboard.tsx,Facade Re-export,common,Facade re-export untuk kompatibilitas import backward,86,src/components/dashboard/DashboardContentTabs.tsx,"BusData; GoogleSheetsService",CSS Classes,"Texts: [None], InlineStyles: 0",None,keep (facade kompatibilitas)
src/components/BottomNav.tsx,Facade Re-export,common,Facade re-export untuk kompatibilitas import backward,99,"src/components/BottomNav.test.tsx; src/components/Dashboard.tsx",None (Pure UI),"Interactive Button; CSS Classes","Texts: [TEXT_DASHBOARD], InlineStyles: 0","src/components/BottomNav.test.tsx; src/components/monitoring/MonitoringBottomNav.test.tsx",keep (facade kompatibilitas)
src/components/BusCard.tsx,Facade Re-export,common,Facade Re-export untuk BusCard Komponen didekomposisi ke src/components/busCard/,7,src/components/busList/BusList.tsx,None (Pure UI),Standard Render,"Texts: [None], InlineStyles: 0","src/components/busCard/BusCard.test.tsx; src/components/busCard/useBusCardModal.test.tsx; src/components/busCard/useBusCardSave.test.tsx; src/components/fleetStatus/FleetStatusModal.test.tsx",keep (facade kompatibilitas)
src/components/BusList.tsx,Facade Re-export,common,Facade Re-export untuk BusList Komponen didekomposisi ke src/components/busList/,7,src/components/dashboard/DashboardContentTabs.tsx,None (Pure UI),Standard Render,"Texts: [None], InlineStyles: 0","src/components/busList/BusList.test.tsx; src/components/busList/BusListHeader.test.tsx",keep (facade kompatibilitas)
src/components/CompletionStatusCard.tsx,Facade Re-export,common,Facade re-export untuk kompatibilitas import backward,160,src/components/AnalyticsDashboard.tsx,None (Pure UI),"Interactive Button; Inline Styles; CSS Classes; Scrollable Container","Texts: [TEXT_DASHBOARD], InlineStyles: 10",None,keep (facade kompatibilitas)
src/components/DailyToaTrendCard.tsx,Facade Re-export,common,Facade Re-export untuk DailyToaTrendCard Komponen didekomposisi ke src/components/dailyToaTrend/,7,"src/components/AnalyticsDashboard.tsx; src/components/UnitDetailModal.tsx",None (Pure UI),Standard Render,"Texts: [None], InlineStyles: 0",src/components/dailyToaTrend/DailyToaTrendCard.test.tsx,keep (facade kompatibilitas)
src/components/Dashboard.tsx,Facade Re-export,common,Facade re-export untuk kompatibilitas import backward,415,src/App.tsx,"BusData; OperationalReport; Role/Auth; OfflineSync","CSS Classes; Touch Gesture","Texts: [TEXT_DASHBOARD], InlineStyles: 0","src/components/busList/BusList.test.tsx; src/components/dashboard/useDashboardSyncHandlers.test.tsx; src/components/dashboard/useDashboardUiState.test.tsx; src/components/monitoring/AllRouteMonitoringPage.test.tsx; src/components/monitoring/MonitoringBottomNav.test.tsx; src/components/monitoring/tabs/MonitoringDashboardTab.test.tsx; src/constants/texts/texts.test.ts",keep (facade kompatibilitas)
src/components/FormattedNoteText.tsx,Facade Re-export,common,"Komponen pembantu untuk merender teks keterangan/catatan dengan smart visual badging profesional (BA.01-04, OFF, NP1/NP2",178,"src/components/busCard/BusCard.tsx; src/components/CompletionStatusCard.tsx; src/components/UnitCard.tsx",None (Pure UI),"Inline Styles; CSS Classes","Texts: [None], InlineStyles: 12",src/components/busCard/BusCard.test.tsx,keep (facade kompatibilitas)
src/components/KPICard.tsx,Facade Re-export,common,Facade re-export untuk kompatibilitas import backward,157,src/components/AnalyticsDashboard.tsx,None (Pure UI),"Inline Styles; CSS Classes","Texts: [TEXT_DASHBOARD], InlineStyles: 16",None,keep (facade kompatibilitas)
src/components/LoginScreen.tsx,Page / Orchestrator,common,Facade Re-export untuk LoginScreen Komponen didekomposisi ke src/components/login/,7,src/App.tsx,None (Pure UI),Standard Render,"Texts: [None], InlineStyles: 0",src/components/login/LoginScreen.test.tsx,keep
src/components/ProfileMenuSheet.tsx,Facade Re-export,common,Facade Re-export untuk ProfileMenuSheet Komponen didekomposisi ke src/components/profileMenu/,7,"src/components/dashboard/DashboardModals.tsx; src/components/Dashboard.tsx",None (Pure UI),Standard Render,"Texts: [None], InlineStyles: 0",src/components/profileMenu/ProfileMenuSheet.test.tsx,keep (facade kompatibilitas)
src/components/QueueModal.tsx,Facade Re-export,common,Facade Re-export untuk QueueModal Komponen didekomposisi ke src/components/dashboard/,7,src/components/dashboard/DashboardModals.tsx,None (Pure UI),Standard Render,"Texts: [None], InlineStyles: 0",src/components/dashboard/useDashboardUiState.test.tsx,keep (facade kompatibilitas)
src/components/RoleBadge.tsx,Facade Re-export,common,Facade Re-export untuk RoleBadge Komponen didekomposisi ke src/components/userManagement/,7,"src/components/profileMenu/ProfileUserCard.tsx; src/components/userManagement/UserCardItem.tsx",None (Pure UI),Standard Render,"Texts: [None], InlineStyles: 0",src/components/userManagement/RoleBadge.test.tsx,keep (facade kompatibilitas)
src/components/RouteOperationalReportCard.tsx,Facade Re-export,common,Facade Re-export untuk RouteOperationalReportCard Komponen didekomposisi ke src/components/pdoReport/,10,src/components/dashboard/DashboardModals.tsx,OperationalReport,Standard Render,"Texts: [None], InlineStyles: 0",src/components/pdoReport/RouteOperationalReportCard.test.tsx,keep (facade kompatibilitas)
src/components/RouteSelectorCard.tsx,Facade Re-export,common,Facade Re-export untuk RouteSelectorCard Komponen didekomposisi ke src/components/routeSelector/,7,src/components/dashboard/DashboardHeader.tsx,None (Pure UI),Standard Render,"Texts: [None], InlineStyles: 0",src/components/routeSelector/RouteSelectorCard.test.tsx,keep (facade kompatibilitas)
src/components/ShiftComparisonCard.tsx,Facade Re-export,common,Facade re-export untuk kompatibilitas import backward,118,src/components/AnalyticsDashboard.tsx,None (Pure UI),"Inline Styles; CSS Classes","Texts: [TEXT_DASHBOARD], InlineStyles: 6",None,keep (facade kompatibilitas)
src/components/Skeletons.tsx,Facade Re-export,common,Facade re-export untuk kompatibilitas import backward,360,"src/components/busList/BusList.tsx; src/components/dailyToaTrend/DailyToaTrendCard.tsx; src/components/dashboard/DashboardStatusBanners.tsx; src/components/Dashboard.tsx; src/components/UnitSummaryDashboard.tsx; src/components/userManagement/UserManagementStates.tsx",None (Pure UI),"Inline Styles; CSS Classes","Texts: [None], InlineStyles: 43",None,keep (facade kompatibilitas)
src/components/SwipeableContainer.tsx,Facade Re-export,common,Facade re-export untuk kompatibilitas import backward,94,"src/components/dashboard/DashboardContentTabs.tsx; src/components/__tests__/SwipeableContainer.test.tsx",None (Pure UI),"Inline Styles; CSS Classes; Touch Gesture","Texts: [None], InlineStyles: 1",src/components/__tests__/SwipeableContainer.test.tsx,keep (facade kompatibilitas)
src/components/UnitCard.tsx,Facade Re-export,common,Callback stabil berparameter unit — memo(UnitCard) jadi efektif,341,src/components/UnitSummaryDashboard.tsx,None (Pure UI),"Interactive Button; Inline Styles; CSS Classes","Texts: [TEXT_DASHBOARD], InlineStyles: 34",None,keep (facade kompatibilitas)
src/components/UnitDetailModal.tsx,Facade Re-export,common,Facade re-export untuk kompatibilitas import backward,408,src/components/UnitSummaryDashboard.tsx,"BusData; GoogleSheetsService","Portal; Dialog / Overlay; Interactive Button; Inline Styles; CSS Classes; Scrollable Container; Touch Gesture","Texts: [TEXT_UNIT_DETAIL], InlineStyles: 63",None,keep (facade kompatibilitas)
src/components/UnitSummaryDashboard.tsx,Facade Re-export,common,Facade re-export untuk kompatibilitas import backward,126,src/components/dashboard/DashboardContentTabs.tsx,"BusData; GoogleSheetsService","Form Input; Inline Styles; CSS Classes","Texts: [TEXT_DASHBOARD], InlineStyles: 6",None,keep (facade kompatibilitas)
src/components/UserManagementPage.tsx,Page / Orchestrator,common,Facade Re-export untuk UserManagementPage Komponen didekomposisi ke src/components/userManagement/,10,Entrypoint / Root,None (Pure UI),Standard Render,"Texts: [None], InlineStyles: 0",None,keep
src/components/UserProfileHeader.tsx,Facade Re-export,common,Facade Re-export untuk UserProfileHeader Komponen didekomposisi ke src/components/profileMenu/,7,src/components/dashboard/DashboardHeader.tsx,None (Pure UI),Standard Render,"Texts: [None], InlineStyles: 0",src/components/profileMenu/UserProfileHeader.test.tsx,keep (facade kompatibilitas)
src/components/WaReportModal.tsx,Facade Re-export,common,Facade Re-export untuk WaReportModal Komponen didekomposisi ke src/components/waReport/,7,Entrypoint / Root,None (Pure UI),Standard Render,"Texts: [None], InlineStyles: 0",src/components/waReport/WaReportModal.test.tsx,keep (facade kompatibilitas)
src/components/accumulation/AccumulationFooter.tsx,Navigation / Bar,accumulation,Komponen UI AccumulationFooter untuk fitur accumulation,121,"src/components/accumulation/AccumulationSheet.tsx; src/components/accumulation/index.ts",None (Pure UI),"Interactive Button; Inline Styles; CSS Classes","Texts: [TEXT_DASHBOARD, TEXT_COMMON], InlineStyles: 5",None,keep
src/components/accumulation/AccumulationHeader.tsx,Navigation / Bar,accumulation,Komponen UI AccumulationHeader untuk fitur accumulation,83,"src/components/accumulation/AccumulationSheet.tsx; src/components/accumulation/index.ts",None (Pure UI),"Interactive Button; Inline Styles","Texts: [TEXT_DASHBOARD], InlineStyles: 8",None,keep
src/components/accumulation/AccumulationPeriodSelector.tsx,Feature Component,accumulation,Komponen UI AccumulationPeriodSelector untuk fitur accumulation,243,"src/components/accumulation/AccumulationSheet.tsx; src/components/accumulation/index.ts",None (Pure UI),"Inline Styles; CSS Classes","Texts: [TEXT_DASHBOARD, TEXT_COMMON], InlineStyles: 18",None,keep
src/components/accumulation/AccumulationSheet.tsx,Modal / Bottom Sheet,accumulation,Komponen UI AccumulationSheet untuk fitur accumulation,196,"src/components/accumulation/AccumulationSheet.test.tsx; src/components/accumulation/index.ts; src/components/AccumulationSheet.tsx",None (Pure UI),"Portal; Dialog / Overlay; Interactive Button; Inline Styles; CSS Classes; Scrollable Container; Touch Gesture","Texts: [None], InlineStyles: 2",src/components/accumulation/AccumulationSheet.test.tsx,keep
src/components/accumulation/index.ts,Folder Barrel / Re-export,accumulation,Komponen UI index untuk fitur accumulation,8,Entrypoint / Root,None (Pure UI),Standard Render,"Texts: [None], InlineStyles: 0","src/components/routeSelector/RouteSelectorCard.test.tsx; src/constants/texts/texts.test.ts; src/services/googleSheets/globalReportReader.test.ts; src/services/routeService.test.ts",keep
src/components/accumulation/types.ts,Types,accumulation,Definisi TypeScript types dan interfaces fitur accumulation,17,"src/components/accumulation/AccumulationSheet.tsx; src/components/accumulation/index.ts; src/components/AccumulationSheet.tsx",None (Pure UI),Standard Render,"Texts: [None], InlineStyles: 0","src/components/monitoring/tabs/MonitoringFleetStatusTab.test.tsx; src/services/googleSheets/core.test.ts; src/utils/cacheUtils.test.ts; src/utils/holidayUtils.test.ts; src/utils/routeValidation.test.ts; src/utils/sheetIdentity.test.ts",keep
src/components/accumulation/useAccumulationGesture.ts,Feature Hook,accumulation,Hook manajemen state dan interaksi fitur accumulation,87,"src/components/accumulation/AccumulationSheet.tsx; src/components/accumulation/index.ts",None (Pure UI),Standard Render,"Texts: [None], InlineStyles: 0",None,keep
src/components/accumulation/useAccumulationRange.ts,Feature Hook,accumulation,Jumlah hari valid untuk bulan/tahun tertentu (BUG-51: cegah 31 Feb),193,"src/components/accumulation/AccumulationSheet.tsx; src/components/accumulation/index.ts",None (Pure UI),Standard Render,"Texts: [TEXT_DASHBOARD], InlineStyles: 0",None,keep
src/components/busCard/BusCard.tsx,Card / Presentation,busCard,Komponen UI BusCard untuk fitur busCard,199,"src/components/busCard/BusCard.test.tsx; src/components/busCard/index.ts; src/components/BusCard.tsx",None (Pure UI),"Interactive Button; Inline Styles; CSS Classes","Texts: [TEXT_DASHBOARD, TEXT_FLEET_STATUS], InlineStyles: 9","src/components/busCard/BusCard.test.tsx; src/components/busCard/useBusCardModal.test.tsx; src/components/busCard/useBusCardSave.test.tsx; src/components/fleetStatus/FleetStatusModal.test.tsx",keep
src/components/busCard/BusCardSummary.tsx,Card / Presentation,busCard,Komponen UI BusCardSummary untuk fitur busCard,283,src/components/busCard/index.ts,"BusData; GoogleSheetsService; numberUtils","Interactive Button; Inline Styles; CSS Classes","Texts: [TEXT_DASHBOARD], InlineStyles: 15",None,keep
src/components/busCard/BusInputModal.tsx,Modal / Bottom Sheet,busCard,Komponen UI BusInputModal untuk fitur busCard,359,"src/components/busCard/BusInputModal.test.tsx; src/components/busCard/index.ts","BusData; GoogleSheetsService","Portal; Dialog / Overlay; Form Input; Interactive Button; Inline Styles; CSS Classes; Scrollable Container","Texts: [TEXT_ALERTS, TEXT_FLEET_STATUS], InlineStyles: 14","src/components/busCard/BusCard.test.tsx; src/components/busCard/BusInputModal.test.tsx; src/utils/alertUtils.test.ts",keep
src/components/busCard/busCardStyles.ts,Styles,busCard,Konstanta style CSS dan tokens fitur busCard,74,src/components/busCard/index.ts,"BusData; GoogleSheetsService; numberUtils",Standard Render,"Texts: [None], InlineStyles: 0",None,keep
src/components/busCard/index.ts,Folder Barrel / Re-export,busCard,Komponen UI index untuk fitur busCard,8,src/components/busCard/BusCard.tsx,None (Pure UI),Standard Render,"Texts: [None], InlineStyles: 0","src/components/routeSelector/RouteSelectorCard.test.tsx; src/constants/texts/texts.test.ts; src/services/googleSheets/globalReportReader.test.ts; src/services/routeService.test.ts",keep
src/components/busCard/modal/BusInputModalFooter.tsx,Modal / Bottom Sheet,busCard,Komponen UI BusInputModalFooter untuk fitur busCard,88,src/components/busCard/BusInputModal.tsx,None (Pure UI),"Interactive Button; Inline Styles","Texts: [TEXT_ALERTS, TEXT_COMMON], InlineStyles: 3",None,keep
src/components/busCard/modal/BusInputModalHeader.tsx,Modal / Bottom Sheet,busCard,Komponen UI BusInputModalHeader untuk fitur busCard,154,src/components/busCard/BusInputModal.tsx,None (Pure UI),"Interactive Button; Inline Styles","Texts: [TEXT_ALERTS], InlineStyles: 8",None,keep
src/components/busCard/modal/BusInputModalNotes.tsx,Modal / Bottom Sheet,busCard,Komponen UI BusInputModalNotes untuk fitur busCard,102,src/components/busCard/BusInputModal.tsx,None (Pure UI),"Form Input; Interactive Button; Inline Styles","Texts: [TEXT_ALERTS], InlineStyles: 6",None,keep
src/components/busCard/modal/BusInputModalShift1.tsx,Modal / Bottom Sheet,busCard,Komponen UI BusInputModalShift1 untuk fitur busCard,499,src/components/busCard/BusInputModal.tsx,None (Pure UI),"Form Input; Interactive Button; Inline Styles","Texts: [TEXT_ALERTS], InlineStyles: 34",None,"refactor & share (duplikasi gaya R79-02, kandidat pilot)"
src/components/busCard/modal/BusInputModalShift2.tsx,Modal / Bottom Sheet,busCard,Komponen UI BusInputModalShift2 untuk fitur busCard,500,src/components/busCard/BusInputModal.tsx,None (Pure UI),"Form Input; Interactive Button; Inline Styles","Texts: [TEXT_ALERTS], InlineStyles: 32",None,"refactor & share (duplikasi gaya R79-02, kandidat pilot)"
src/components/busCard/modal/BusInputModalSingleFocus.tsx,Modal / Bottom Sheet,busCard,Komponen UI BusInputModalSingleFocus untuk fitur busCard,806,src/components/busCard/BusInputModal.tsx,None (Pure UI),"Form Input; Interactive Button; Inline Styles","Texts: [TEXT_ALERTS], InlineStyles: 72",None,refactor (hotspot 805 baris)
src/components/busCard/modal/BusInputModalTabs.tsx,Modal / Bottom Sheet,busCard,Komponen UI BusInputModalTabs untuk fitur busCard,78,src/components/busCard/BusInputModal.tsx,None (Pure UI),"Interactive Button; Inline Styles","Texts: [TEXT_ALERTS], InlineStyles: 5",None,keep
src/components/busCard/modal/BusInputModalTrip.tsx,Modal / Bottom Sheet,busCard,Komponen UI BusInputModalTrip untuk fitur busCard,119,src/components/busCard/BusInputModal.tsx,numberUtils,"Form Input; Inline Styles","Texts: [TEXT_ALERTS], InlineStyles: 9",None,keep
src/components/busCard/modal/useBusInputForm.ts,Feature Hook,busCard,Hook manajemen state dan interaksi fitur busCard,970,"src/components/busCard/BusInputModal.tsx; src/components/busCard/modal/BusInputModalNotes.tsx; src/components/busCard/modal/BusInputModalShift1.tsx; src/components/busCard/modal/BusInputModalShift2.tsx; src/components/busCard/modal/BusInputModalSingleFocus.tsx; src/components/busCard/modal/BusInputModalTabs.tsx; src/components/busCard/modal/BusInputModalTrip.tsx; src/components/busCard/modal/useBusInputForm.test.tsx","BusData; GoogleSheetsService; numberUtils",Standard Render,"Texts: [TEXT_ALERTS], InlineStyles: 0",src/components/busCard/modal/useBusInputForm.test.tsx,"refactor (hotspot 970 baris, R79-01)"
src/components/busCard/types.ts,Types,busCard,Definisi TypeScript types dan interfaces fitur busCard,20,"src/components/busCard/BusCard.tsx; src/components/busCard/index.ts; src/components/BusCard.tsx","BusData; GoogleSheetsService",Standard Render,"Texts: [None], InlineStyles: 0","src/components/monitoring/tabs/MonitoringFleetStatusTab.test.tsx; src/services/googleSheets/core.test.ts; src/utils/cacheUtils.test.ts; src/utils/holidayUtils.test.ts; src/utils/routeValidation.test.ts; src/utils/sheetIdentity.test.ts",keep
src/components/busCard/useBusCardModal.ts,Feature Hook,busCard,Hook manajemen state dan interaksi fitur busCard,104,"src/components/busCard/index.ts; src/components/busCard/useBusCardModal.test.tsx","BusData; GoogleSheetsService",Standard Render,"Texts: [TEXT_DASHBOARD, TEXT_FLEET_STATUS], InlineStyles: 0",src/components/busCard/useBusCardModal.test.tsx,keep
src/components/busCard/useBusCardSave.ts,Feature Hook,busCard,Hook manajemen state dan interaksi fitur busCard,204,"src/components/busCard/index.ts; src/components/busCard/useBusCardSave.test.tsx","BusData; GoogleSheetsService; OfflineSync",Standard Render,"Texts: [TEXT_DASHBOARD], InlineStyles: 0",src/components/busCard/useBusCardSave.test.tsx,keep
src/components/busList/BusList.tsx,Feature Component,busList,Komponen UI BusList untuk fitur busList,253,"src/components/busList/BusList.test.tsx; src/components/busList/index.ts; src/components/BusList.tsx","BusData; GoogleSheetsService; OfflineSync",CSS Classes,"Texts: [TEXT_DASHBOARD], InlineStyles: 0","src/components/busList/BusList.test.tsx; src/components/busList/BusListHeader.test.tsx",keep
src/components/busList/BusListAccumulationBanner.tsx,Feature Component,busList,Komponen UI BusListAccumulationBanner untuk fitur busList,86,"src/components/busList/BusListHeader.tsx; src/components/busList/index.ts",None (Pure UI),"Interactive Button; Inline Styles","Texts: [TEXT_DASHBOARD], InlineStyles: 4",None,keep
src/components/busList/BusListControlBar.tsx,Navigation / Bar,busList,Komponen UI BusListControlBar untuk fitur busList,271,"src/components/busList/BusListHeader.tsx; src/components/busList/index.ts",None (Pure UI),"Form Input; Interactive Button; Inline Styles; CSS Classes","Texts: [TEXT_DASHBOARD], InlineStyles: 18",None,keep
src/components/busList/BusListHeader.tsx,Navigation / Bar,busList,Komponen UI BusListHeader untuk fitur busList,96,"src/components/busList/BusList.tsx; src/components/busList/BusListHeader.test.tsx; src/components/busList/index.ts",None (Pure UI),CSS Classes,"Texts: [None], InlineStyles: 0",src/components/busList/BusListHeader.test.tsx,keep
src/components/busList/BusListProgressBar.tsx,Navigation / Bar,busList,Komponen UI BusListProgressBar untuk fitur busList,84,"src/components/busList/BusListHeader.tsx; src/components/busList/index.ts",None (Pure UI),"Inline Styles; CSS Classes","Texts: [TEXT_DASHBOARD], InlineStyles: 6",None,keep
src/components/busList/BusListShiftLockBanner.tsx,Feature Component,busList,Komponen UI BusListShiftLockBanner untuk fitur busList,72,src/components/busList/index.ts,None (Pure UI),"Interactive Button; Inline Styles; CSS Classes","Texts: [TEXT_FLEET_STATUS], InlineStyles: 5",None,keep
src/components/busList/busListUtils.ts,Feature Component,busList,Menentukan apakah unit diperbolehkan untuk diinput datanya berdasarkan status armada (SGO),80,"src/components/busList/BusList.tsx; src/components/busList/BusListControlBar.tsx; src/components/busList/BusListProgressBar.tsx; src/components/busList/index.ts","BusData; GoogleSheetsService",Standard Render,"Texts: [TEXT_DASHBOARD], InlineStyles: 0",None,keep
src/components/busList/index.ts,Folder Barrel / Re-export,busList,Komponen UI index untuk fitur busList,9,Entrypoint / Root,None (Pure UI),Standard Render,"Texts: [None], InlineStyles: 0","src/components/routeSelector/RouteSelectorCard.test.tsx; src/constants/texts/texts.test.ts; src/services/googleSheets/globalReportReader.test.ts; src/services/routeService.test.ts",keep
src/components/busList/useBulkOperations.ts,Feature Hook,busList,Hook manajemen state dan interaksi fitur busList,256,"src/components/busList/BusList.tsx; src/components/busList/index.ts","BusData; GoogleSheetsService; numberUtils; OfflineSync",Standard Render,"Texts: [TEXT_DASHBOARD], InlineStyles: 0",None,keep
src/components/dailyToaTrend/DailyToaTrendCard.tsx,Card / Presentation,dailyToaTrend,Komponen UI DailyToaTrendCard untuk fitur dailyToaTrend,112,"src/components/dailyToaTrend/DailyToaTrendCard.test.tsx; src/components/dailyToaTrend/index.ts; src/components/DailyToaTrendCard.tsx",None (Pure UI),"Inline Styles; CSS Classes","Texts: [None], InlineStyles: 1",src/components/dailyToaTrend/DailyToaTrendCard.test.tsx,keep
src/components/dailyToaTrend/ToaBarChart.tsx,Navigation / Bar,dailyToaTrend,Komponen UI ToaBarChart untuk fitur dailyToaTrend,313,"src/components/dailyToaTrend/DailyToaTrendCard.tsx; src/components/dailyToaTrend/index.ts",None (Pure UI),"Interactive Button; Inline Styles; CSS Classes","Texts: [None], InlineStyles: 10",src/components/monitoring/tabs/MonitoringToaBarChart.test.tsx,keep
src/components/dailyToaTrend/ToaExecutiveStats.tsx,Feature Component,dailyToaTrend,Komponen UI ToaExecutiveStats untuk fitur dailyToaTrend,152,"src/components/dailyToaTrend/DailyToaTrendCard.tsx; src/components/dailyToaTrend/index.ts",None (Pure UI),"Inline Styles; CSS Classes","Texts: [TEXT_DASHBOARD], InlineStyles: 16",None,keep
src/components/dailyToaTrend/ToaTrendErrorState.tsx,Feature Component,dailyToaTrend,Komponen UI ToaTrendErrorState untuk fitur dailyToaTrend,44,"src/components/dailyToaTrend/DailyToaTrendCard.tsx; src/components/dailyToaTrend/index.ts",None (Pure UI),"Inline Styles; CSS Classes","Texts: [TEXT_DASHBOARD], InlineStyles: 3",None,keep
src/components/dailyToaTrend/ToaTrendHeader.tsx,Navigation / Bar,dailyToaTrend,Komponen UI ToaTrendHeader untuk fitur dailyToaTrend,57,"src/components/dailyToaTrend/DailyToaTrendCard.tsx; src/components/dailyToaTrend/index.ts; src/components/dailyToaTrend/ToaTrendErrorState.tsx",None (Pure UI),"Inline Styles; CSS Classes","Texts: [TEXT_DASHBOARD], InlineStyles: 4",None,keep
src/components/dailyToaTrend/ToaTrendLegend.tsx,Feature Component,dailyToaTrend,Komponen UI ToaTrendLegend untuk fitur dailyToaTrend,53,"src/components/dailyToaTrend/DailyToaTrendCard.tsx; src/components/dailyToaTrend/index.ts",None (Pure UI),Inline Styles,"Texts: [TEXT_DASHBOARD], InlineStyles: 7",None,keep
src/components/dailyToaTrend/index.ts,Folder Barrel / Re-export,dailyToaTrend,Komponen UI index untuk fitur dailyToaTrend,10,Entrypoint / Root,None (Pure UI),Standard Render,"Texts: [None], InlineStyles: 0","src/components/routeSelector/RouteSelectorCard.test.tsx; src/constants/texts/texts.test.ts; src/services/googleSheets/globalReportReader.test.ts; src/services/routeService.test.ts",keep
src/components/dailyToaTrend/types.ts,Types,dailyToaTrend,Definisi TypeScript types dan interfaces fitur dailyToaTrend,47,"src/components/dailyToaTrend/DailyToaTrendCard.tsx; src/components/dailyToaTrend/index.ts; src/components/dailyToaTrend/ToaBarChart.tsx; src/components/dailyToaTrend/ToaExecutiveStats.tsx; src/components/dailyToaTrend/useMonthlyTrendData.ts; src/components/dailyToaTrend/useTrendMetrics.ts; src/components/DailyToaTrendCard.tsx",None (Pure UI),Standard Render,"Texts: [None], InlineStyles: 0","src/components/monitoring/tabs/MonitoringFleetStatusTab.test.tsx; src/services/googleSheets/core.test.ts; src/utils/cacheUtils.test.ts; src/utils/holidayUtils.test.ts; src/utils/routeValidation.test.ts; src/utils/sheetIdentity.test.ts",keep
src/components/dailyToaTrend/useMonthlyTrendData.ts,Feature Hook,dailyToaTrend,Hook manajemen state dan interaksi fitur dailyToaTrend,75,"src/components/dailyToaTrend/DailyToaTrendCard.tsx; src/components/dailyToaTrend/index.ts",GoogleSheetsService,Standard Render,"Texts: [None], InlineStyles: 0",None,keep
src/components/dailyToaTrend/useTrendMetrics.ts,Feature Hook,dailyToaTrend,Hook manajemen state dan interaksi fitur dailyToaTrend,101,"src/components/dailyToaTrend/DailyToaTrendCard.tsx; src/components/dailyToaTrend/index.ts",None (Pure UI),Standard Render,"Texts: [None], InlineStyles: 0",None,keep
src/components/dashboard/DashboardContentTabs.tsx,Tab Section,dashboard,Komponen UI DashboardContentTabs untuk fitur dashboard,170,src/components/dashboard/index.ts,"BusData; GoogleSheetsService; OfflineSync","Inline Styles; CSS Classes","Texts: [TEXT_DASHBOARD], InlineStyles: 6",None,keep
src/components/dashboard/DashboardHeader.tsx,Navigation / Bar,dashboard,Komponen UI DashboardHeader untuk fitur dashboard,200,src/components/dashboard/index.ts,Supabase,"Interactive Button; Inline Styles; CSS Classes","Texts: [TEXT_DASHBOARD], InlineStyles: 7",None,keep
src/components/dashboard/DashboardModals.tsx,Modal / Bottom Sheet,dashboard,Komponen UI DashboardModals untuk fitur dashboard,211,src/components/dashboard/index.ts,"BusData; OperationalReport; GoogleSheetsService; Supabase; OfflineSync",Standard Render,"Texts: [TEXT_DASHBOARD], InlineStyles: 0",None,keep
src/components/dashboard/DashboardStatusBanners.tsx,Feature Component,dashboard,Komponen UI DashboardStatusBanners untuk fitur dashboard,237,src/components/dashboard/index.ts,"BusData; GoogleSheetsService; Supabase","Interactive Button; Inline Styles; CSS Classes","Texts: [TEXT_COMMON, TEXT_AUTH], InlineStyles: 12",src/components/busList/BusList.test.tsx,keep
src/components/dashboard/QueueModal.tsx,Modal / Bottom Sheet,dashboard,Komponen UI QueueModal untuk fitur dashboard,220,src/components/QueueModal.tsx,OfflineSync,"Dialog / Overlay; Interactive Button; Inline Styles; CSS Classes; Scrollable Container","Texts: [TEXT_ALERTS], InlineStyles: 15",src/components/dashboard/useDashboardUiState.test.tsx,keep
src/components/dashboard/index.ts,Folder Barrel / Re-export,dashboard,Komponen UI index untuk fitur dashboard,10,src/components/Dashboard.tsx,None (Pure UI),Standard Render,"Texts: [None], InlineStyles: 0","src/components/routeSelector/RouteSelectorCard.test.tsx; src/constants/texts/texts.test.ts; src/services/googleSheets/globalReportReader.test.ts; src/services/routeService.test.ts",keep
src/components/dashboard/useDashboardData.ts,Feature Hook,dashboard,Hook manajemen state dan interaksi fitur dashboard,424,src/components/dashboard/index.ts,"BusData; GoogleSheetsService",Standard Render,"Texts: [TEXT_DASHBOARD], InlineStyles: 0",None,investigate (ukuran > 400 baris)
src/components/dashboard/useDashboardFleet.ts,Feature Hook,dashboard,Hook manajemen state dan interaksi fitur dashboard,307,src/components/dashboard/index.ts,"BusData; OperationalReport; GoogleSheetsService; Supabase",Standard Render,"Texts: [TEXT_FLEET_STATUS], InlineStyles: 0",None,keep
src/components/dashboard/useDashboardSyncHandlers.ts,Feature Hook,dashboard,Hook manajemen state dan interaksi fitur dashboard,153,"src/components/dashboard/index.ts; src/components/dashboard/useDashboardSyncHandlers.test.tsx","BusData; GoogleSheetsService",Standard Render,"Texts: [TEXT_DASHBOARD], InlineStyles: 0",src/components/dashboard/useDashboardSyncHandlers.test.tsx,keep
src/components/dashboard/useDashboardUiState.ts,Feature Hook,dashboard,Hook manajemen state dan interaksi fitur dashboard,182,"src/components/dashboard/index.ts; src/components/dashboard/useDashboardSyncHandlers.ts; src/components/dashboard/useDashboardUiState.test.tsx",None (Pure UI),Standard Render,"Texts: [None], InlineStyles: 0",src/components/dashboard/useDashboardUiState.test.tsx,keep
src/components/dashboard/usePullToRefresh.ts,Feature Hook,dashboard,Hook manajemen state dan interaksi fitur dashboard,66,src/components/dashboard/index.ts,None (Pure UI),Standard Render,"Texts: [TEXT_DASHBOARD], InlineStyles: 0",None,keep
src/components/fleetStatus/FleetStatusFooter.tsx,Navigation / Bar,fleetStatus,Komponen UI FleetStatusFooter untuk fitur fleetStatus,97,src/components/fleetStatus/index.ts,None (Pure UI),"Interactive Button; Inline Styles; CSS Classes","Texts: [TEXT_FLEET_STATUS], InlineStyles: 7",None,keep
src/components/fleetStatus/FleetStatusGrid.tsx,Feature Component,fleetStatus,Komponen UI FleetStatusGrid untuk fitur fleetStatus,165,src/components/fleetStatus/index.ts,"BusData; GoogleSheetsService","Interactive Button; Inline Styles; CSS Classes","Texts: [TEXT_FLEET_STATUS], InlineStyles: 8",None,keep
src/components/fleetStatus/FleetStatusHeader.tsx,Navigation / Bar,fleetStatus,Komponen UI FleetStatusHeader untuk fitur fleetStatus,185,src/components/fleetStatus/index.ts,None (Pure UI),"Form Input; Interactive Button; Inline Styles","Texts: [TEXT_FLEET_STATUS], InlineStyles: 11",None,keep
src/components/fleetStatus/FleetStatusModal.tsx,Modal / Bottom Sheet,fleetStatus,Komponen UI FleetStatusModal untuk fitur fleetStatus,181,"src/components/dashboard/DashboardModals.tsx; src/components/fleetStatus/FleetStatusModal.test.tsx",None (Pure UI),"Portal; Dialog / Overlay; Interactive Button; Inline Styles; CSS Classes; Scrollable Container; Touch Gesture","Texts: [None], InlineStyles: 2",src/components/fleetStatus/FleetStatusModal.test.tsx,keep
src/components/fleetStatus/FleetStatusToolbar.tsx,Feature Component,fleetStatus,Komponen UI FleetStatusToolbar untuk fitur fleetStatus,230,src/components/fleetStatus/index.ts,None (Pure UI),"Interactive Button; Inline Styles","Texts: [TEXT_FLEET_STATUS], InlineStyles: 12",None,keep
src/components/fleetStatus/ShiftConfirmationAlertBar.tsx,Navigation / Bar,fleetStatus,Komponen UI ShiftConfirmationAlertBar untuk fitur fleetStatus,128,"src/components/dashboard/DashboardStatusBanners.tsx; src/components/fleetStatus/index.ts; src/components/fleetStatus/ShiftConfirmationAlertBar.test.tsx",None (Pure UI),"Interactive Button; Inline Styles; CSS Classes","Texts: [TEXT_FLEET_STATUS], InlineStyles: 7","src/components/busList/BusListHeader.test.tsx; src/components/fleetStatus/ShiftConfirmationAlertBar.test.tsx",keep
src/components/fleetStatus/index.ts,Folder Barrel / Re-export,fleetStatus,Komponen UI index untuk fitur fleetStatus,8,src/components/fleetStatus/FleetStatusModal.tsx,None (Pure UI),Standard Render,"Texts: [None], InlineStyles: 0","src/components/routeSelector/RouteSelectorCard.test.tsx; src/constants/texts/texts.test.ts; src/services/googleSheets/globalReportReader.test.ts; src/services/routeService.test.ts",keep
src/components/fleetStatus/types.ts,Types,fleetStatus,Definisi TypeScript types dan interfaces fitur fleetStatus,44,"src/components/dashboard/useDashboardFleet.ts; src/components/fleetStatus/FleetStatusGrid.tsx; src/components/fleetStatus/FleetStatusToolbar.tsx; src/components/fleetStatus/index.ts; src/components/fleetStatus/useFleetStatusData.ts","BusData; GoogleSheetsService",Standard Render,"Texts: [None], InlineStyles: 0","src/components/monitoring/tabs/MonitoringFleetStatusTab.test.tsx; src/services/googleSheets/core.test.ts; src/utils/cacheUtils.test.ts; src/utils/holidayUtils.test.ts; src/utils/routeValidation.test.ts; src/utils/sheetIdentity.test.ts",keep
src/components/fleetStatus/useFleetStatusData.ts,Feature Hook,fleetStatus,Hook manajemen state dan interaksi fitur fleetStatus,239,src/components/fleetStatus/index.ts,"BusData; GoogleSheetsService",Standard Render,"Texts: [None], InlineStyles: 0",None,keep
src/components/login/LegalModals.tsx,Modal / Bottom Sheet,login,Komponen UI LegalModals untuk fitur login,250,"src/components/login/index.ts; src/components/login/LoginFooter.tsx; src/components/login/LoginScreen.tsx",None (Pure UI),"Interactive Button; Inline Styles; CSS Classes; Scrollable Container","Texts: [None], InlineStyles: 26",None,keep
src/components/login/LoginFeatureCards.tsx,Card / Presentation,login,Komponen UI LoginFeatureCards untuk fitur login,110,"src/components/login/index.ts; src/components/login/LoginScreen.tsx",None (Pure UI),"Inline Styles; CSS Classes","Texts: [TEXT_AUTH], InlineStyles: 7",None,keep
src/components/login/LoginFooter.tsx,Navigation / Bar,login,Komponen UI LoginFooter untuk fitur login,116,"src/components/login/index.ts; src/components/login/LoginScreen.tsx",None (Pure UI),"Interactive Button; Inline Styles; CSS Classes","Texts: [TEXT_AUTH], InlineStyles: 6",None,keep
src/components/login/LoginHeroCard.tsx,Card / Presentation,login,Komponen UI LoginHeroCard untuk fitur login,213,"src/components/login/index.ts; src/components/login/LoginScreen.tsx",None (Pure UI),"Interactive Button; Inline Styles; CSS Classes","Texts: [TEXT_AUTH, TEXT_DASHBOARD], InlineStyles: 11",None,keep
src/components/login/LoginInfoAboutSection.tsx,Feature Component,login,Komponen UI LoginInfoAboutSection untuk fitur login,113,src/components/login/LoginInfoModal.tsx,None (Pure UI),Inline Styles,"Texts: [TEXT_AUTH], InlineStyles: 13",None,keep
src/components/login/LoginInfoComparisonSection.tsx,Feature Component,login,Komponen UI LoginInfoComparisonSection untuk fitur login,194,src/components/login/LoginInfoModal.tsx,None (Pure UI),Inline Styles,"Texts: [TEXT_AUTH], InlineStyles: 32",None,keep
src/components/login/LoginInfoHeader.tsx,Navigation / Bar,login,Komponen UI LoginInfoHeader untuk fitur login,77,src/components/login/LoginInfoModal.tsx,None (Pure UI),"Interactive Button; Inline Styles","Texts: [TEXT_AUTH, TEXT_COMMON], InlineStyles: 6",None,keep
src/components/login/LoginInfoModal.tsx,Modal / Bottom Sheet,login,Komponen UI LoginInfoModal untuk fitur login,87,"src/components/login/index.ts; src/components/login/LoginInfoModal.test.tsx; src/components/login/LoginScreen.tsx",None (Pure UI),"Dialog / Overlay; Interactive Button; Inline Styles; CSS Classes; Scrollable Container","Texts: [TEXT_AUTH], InlineStyles: 3",src/components/login/LoginInfoModal.test.tsx,keep
src/components/login/LoginInfoPermissionsSection.tsx,Feature Component,login,Komponen UI LoginInfoPermissionsSection untuk fitur login,100,src/components/login/LoginInfoModal.tsx,None (Pure UI),"Interactive Button; Inline Styles","Texts: [TEXT_AUTH], InlineStyles: 9",None,keep
src/components/login/LoginScreen.tsx,Page / Orchestrator,login,Komponen UI LoginScreen untuk fitur login,185,"src/components/login/index.ts; src/components/login/LoginScreen.test.tsx; src/components/LoginScreen.tsx","GoogleSheetsService; Supabase","Inline Styles; CSS Classes","Texts: [TEXT_AUTH], InlineStyles: 1",src/components/login/LoginScreen.test.tsx,keep
src/components/login/index.ts,Folder Barrel / Re-export,login,Komponen UI index untuk fitur login,7,Entrypoint / Root,None (Pure UI),Standard Render,"Texts: [None], InlineStyles: 0","src/components/routeSelector/RouteSelectorCard.test.tsx; src/constants/texts/texts.test.ts; src/services/googleSheets/globalReportReader.test.ts; src/services/routeService.test.ts",keep
src/components/monitoring/AllRouteMonitoringPage.tsx,Page / Orchestrator,monitoring,Komponen UI AllRouteMonitoringPage untuk fitur monitoring,344,"src/components/AllRouteMonitoringPage.tsx; src/components/monitoring/AllRouteMonitoringPage.test.tsx; src/components/monitoring/index.ts","Supabase; MonitoringService",Inline Styles,"Texts: [TEXT_ERRORS, TEXT_ALERTS, TEXT_MONITORING], InlineStyles: 2",src/components/monitoring/AllRouteMonitoringPage.test.tsx,keep
src/components/monitoring/IngestionProgressModal.tsx,Modal / Bottom Sheet,monitoring,Komponen UI IngestionProgressModal untuk fitur monitoring,336,"src/components/monitoring/AllRouteMonitoringPage.tsx; src/components/monitoring/IngestionProgressModal.test.tsx",None (Pure UI),"Dialog / Overlay; Interactive Button; Inline Styles","Texts: [TEXT_MONITORING], InlineStyles: 24",src/components/monitoring/IngestionProgressModal.test.tsx,keep
src/components/monitoring/MonitoringBottomNav.tsx,Navigation / Bar,monitoring,Komponen UI MonitoringBottomNav untuk fitur monitoring,240,"src/components/monitoring/AllRouteMonitoringPage.tsx; src/components/monitoring/index.ts; src/components/monitoring/MonitoringBottomNav.test.tsx",None (Pure UI),"Interactive Button; Inline Styles; CSS Classes","Texts: [TEXT_MONITORING], InlineStyles: 10",src/components/monitoring/MonitoringBottomNav.test.tsx,keep
src/components/monitoring/MonitoringHeader.tsx,Navigation / Bar,monitoring,Komponen UI MonitoringHeader untuk fitur monitoring,364,"src/components/monitoring/AllRouteMonitoringPage.tsx; src/components/monitoring/index.ts; src/components/monitoring/MonitoringHeader.test.tsx",None (Pure UI),"Form Input; Interactive Button; Inline Styles","Texts: [TEXT_MONITORING, TEXT_COMMON], InlineStyles: 21",src/components/monitoring/MonitoringHeader.test.tsx,keep
src/components/monitoring/MonitoringKpiCards.tsx,Card / Presentation,monitoring,Komponen UI MonitoringKpiCards untuk fitur monitoring,295,src/components/monitoring/index.ts,MonitoringService,"Inline Styles; CSS Classes","Texts: [TEXT_MONITORING], InlineStyles: 29",None,keep
src/components/monitoring/MonitoringReadinessBanner.tsx,Feature Component,monitoring,Komponen UI MonitoringReadinessBanner untuk fitur monitoring,206,src/components/monitoring/index.ts,None (Pure UI),Inline Styles,"Texts: [TEXT_MONITORING], InlineStyles: 21",None,keep
src/components/monitoring/MonitoringRouteCard.tsx,Card / Presentation,monitoring,Komponen UI MonitoringRouteCard untuk fitur monitoring,454,src/components/monitoring/index.ts,MonitoringService,"Interactive Button; Inline Styles; CSS Classes","Texts: [TEXT_MONITORING], InlineStyles: 32",src/components/monitoring/tabs/MonitoringRouteCardModern.test.tsx,investigate (ukuran > 400 baris)
src/components/monitoring/MonitoringStates.tsx,Feature Component,monitoring,Komponen UI MonitoringStates untuk fitur monitoring,131,"src/components/monitoring/AllRouteMonitoringPage.tsx; src/components/monitoring/index.ts",None (Pure UI),"Interactive Button; Inline Styles","Texts: [TEXT_MONITORING], InlineStyles: 11",None,keep
src/components/monitoring/MonitoringSupervisorTabs.tsx,Tab Section,monitoring,Komponen UI MonitoringSupervisorTabs untuk fitur monitoring,62,src/components/monitoring/index.ts,MonitoringService,"Interactive Button; Inline Styles; CSS Classes","Texts: [None], InlineStyles: 2",None,keep
src/components/monitoring/index.ts,Folder Barrel / Re-export,monitoring,Komponen UI index untuk fitur monitoring,14,Entrypoint / Root,None (Pure UI),Standard Render,"Texts: [None], InlineStyles: 0","src/components/routeSelector/RouteSelectorCard.test.tsx; src/constants/texts/texts.test.ts; src/services/googleSheets/globalReportReader.test.ts; src/services/routeService.test.ts",keep
src/components/monitoring/modals/MonitoringRouteDetailModal.tsx,Modal / Bottom Sheet,monitoring,Komponen UI MonitoringRouteDetailModal untuk fitur monitoring,831,"src/components/monitoring/modals/MonitoringRouteDetailModal.test.tsx; src/components/monitoring/tabs/MonitoringRoutesTab.tsx",MonitoringService,"Dialog / Overlay; Interactive Button; Inline Styles; CSS Classes; Scrollable Container","Texts: [TEXT_MONITORING], InlineStyles: 111","src/components/monitoring/modals/MonitoringRouteDetailModal.test.tsx; src/components/monitoring/tabs/MonitoringRoutesTab.test.tsx",refactor (koreksi ritase R79-05 & dekomposisi 831 baris)
src/components/monitoring/monitoringUtils.ts,Feature Component,monitoring,"Memformat tanggal YYYY-MM-DD menjadi format Hari, DD/MM/YYYY Contoh: """"2026-09-01"""" -> """"Selasa, 01/09/2026""""",91,"src/components/monitoring/AllRouteMonitoringPage.tsx; src/components/monitoring/index.ts; src/components/monitoring/MonitoringHeader.tsx; src/components/monitoring/MonitoringKpiCards.tsx; src/components/monitoring/MonitoringRouteCard.tsx; src/components/monitoring/MonitoringSupervisorTabs.tsx; src/components/monitoring/tabs/MonitoringToaBarChart.tsx",None (Pure UI),Standard Render,"Texts: [TEXT_MONITORING], InlineStyles: 0",None,keep
src/components/monitoring/tabs/MonitoringDashboardTab.tsx,Tab Section,monitoring,Komponen UI MonitoringDashboardTab untuk fitur monitoring,154,"src/components/monitoring/AllRouteMonitoringPage.tsx; src/components/monitoring/index.ts; src/components/monitoring/tabs/MonitoringDashboardTab.test.tsx",MonitoringService,"Inline Styles; CSS Classes","Texts: [TEXT_MONITORING], InlineStyles: 11",src/components/monitoring/tabs/MonitoringDashboardTab.test.tsx,keep
src/components/monitoring/tabs/MonitoringFleetStatusTab.tsx,Tab Section,monitoring,Komponen UI MonitoringFleetStatusTab untuk fitur monitoring,701,"src/components/monitoring/AllRouteMonitoringPage.tsx; src/components/monitoring/index.ts; src/components/monitoring/tabs/MonitoringFleetStatusTab.test.tsx","Supabase; MonitoringService","Interactive Button; Inline Styles; CSS Classes","Texts: [TEXT_MONITORING], InlineStyles: 53",src/components/monitoring/tabs/MonitoringFleetStatusTab.test.tsx,refactor (hotspot 700 baris)
src/components/monitoring/tabs/MonitoringLeaderboard.tsx,Feature Component,monitoring,Komponen UI MonitoringLeaderboard untuk fitur monitoring,348,src/components/monitoring/tabs/MonitoringDashboardTab.tsx,MonitoringService,"Interactive Button; Inline Styles; CSS Classes","Texts: [TEXT_MONITORING], InlineStyles: 27",None,keep
src/components/monitoring/tabs/MonitoringMacroKpiGrid.tsx,Feature Component,monitoring,Komponen UI MonitoringMacroKpiGrid untuk fitur monitoring,179,src/components/monitoring/tabs/MonitoringDashboardTab.tsx,MonitoringService,"Inline Styles; CSS Classes","Texts: [TEXT_MONITORING, TEXT_PER_KM], InlineStyles: 9",None,keep
src/components/monitoring/tabs/MonitoringRouteCardModern.tsx,Card / Presentation,monitoring,Komponen UI MonitoringRouteCardModern untuk fitur monitoring,468,"src/components/monitoring/tabs/MonitoringRouteCardModern.test.tsx; src/components/monitoring/tabs/MonitoringRoutesTab.tsx",MonitoringService,"Interactive Button; Inline Styles; CSS Classes","Texts: [TEXT_MONITORING], InlineStyles: 30",src/components/monitoring/tabs/MonitoringRouteCardModern.test.tsx,investigate (ukuran > 400 baris)
src/components/monitoring/tabs/MonitoringRoutesTab.tsx,Tab Section,monitoring,Komponen UI MonitoringRoutesTab untuk fitur monitoring,465,"src/components/monitoring/AllRouteMonitoringPage.tsx; src/components/monitoring/index.ts; src/components/monitoring/tabs/MonitoringRoutesTab.test.tsx",MonitoringService,"Form Input; Interactive Button; Inline Styles; CSS Classes","Texts: [TEXT_MONITORING], InlineStyles: 20",src/components/monitoring/tabs/MonitoringRoutesTab.test.tsx,investigate (ukuran > 400 baris)
src/components/monitoring/tabs/MonitoringShiftSplitBar.tsx,Navigation / Bar,monitoring,Komponen UI MonitoringShiftSplitBar untuk fitur monitoring,203,src/components/monitoring/tabs/MonitoringDashboardTab.tsx,MonitoringService,"Inline Styles; CSS Classes","Texts: [TEXT_MONITORING], InlineStyles: 23",None,keep
src/components/monitoring/tabs/MonitoringToaBarChart.tsx,Navigation / Bar,monitoring,Komponen UI MonitoringToaBarChart untuk fitur monitoring,403,"src/components/monitoring/tabs/MonitoringDashboardTab.tsx; src/components/monitoring/tabs/MonitoringToaBarChart.test.tsx",MonitoringService,"Interactive Button; Inline Styles; CSS Classes","Texts: [TEXT_MONITORING], InlineStyles: 22",src/components/monitoring/tabs/MonitoringToaBarChart.test.tsx,investigate (ukuran > 400 baris)
src/components/monitoring/tabs/MonitoringWaReportTab.tsx,Tab Section,monitoring,Komponen UI MonitoringWaReportTab untuk fitur monitoring,426,"src/components/monitoring/AllRouteMonitoringPage.tsx; src/components/monitoring/index.ts; src/components/monitoring/tabs/MonitoringWaReportTab.test.tsx","Supabase; MonitoringService","Interactive Button; Inline Styles; CSS Classes; Scrollable Container","Texts: [TEXT_WA_REPORT], InlineStyles: 17",src/components/monitoring/tabs/MonitoringWaReportTab.test.tsx,investigate (ukuran > 400 baris)
src/components/pdoReport/ReportAccordionHeader.tsx,Navigation / Bar,pdoReport,Komponen UI ReportAccordionHeader untuk fitur pdoReport,98,src/components/pdoReport/index.ts,None (Pure UI),"Interactive Button; Inline Styles","Texts: [TEXT_PDO_FORM], InlineStyles: 7",None,keep
src/components/pdoReport/ReportArmadaSection.tsx,Feature Component,pdoReport,Komponen UI ReportArmadaSection untuk fitur pdoReport,253,src/components/pdoReport/index.ts,None (Pure UI),"Form Input; Inline Styles; CSS Classes","Texts: [TEXT_PDO_FORM], InlineStyles: 26",None,keep
src/components/pdoReport/ReportHeadwaySection.tsx,Feature Component,pdoReport,Komponen UI ReportHeadwaySection untuk fitur pdoReport,111,src/components/pdoReport/index.ts,None (Pure UI),"Form Input; Inline Styles; CSS Classes","Texts: [TEXT_PDO_FORM], InlineStyles: 8",None,keep
src/components/pdoReport/ReportIssuesSection.tsx,Feature Component,pdoReport,Komponen UI ReportIssuesSection untuk fitur pdoReport,89,src/components/pdoReport/index.ts,None (Pure UI),"Form Input; Interactive Button; Inline Styles; CSS Classes","Texts: [TEXT_PDO_FORM], InlineStyles: 4",None,keep
src/components/pdoReport/ReportModalLayout.tsx,Modal / Bottom Sheet,pdoReport,Komponen UI ReportModalLayout untuk fitur pdoReport,199,src/components/pdoReport/index.ts,None (Pure UI),"Portal; Dialog / Overlay; Interactive Button; Inline Styles; CSS Classes; Scrollable Container; Touch Gesture","Texts: [TEXT_PDO_FORM], InlineStyles: 11",None,keep
src/components/pdoReport/ReportStatusBadge.tsx,UI Primitive / Atom,pdoReport,Komponen UI ReportStatusBadge untuk fitur pdoReport,63,"src/components/pdoReport/index.ts; src/components/pdoReport/ReportAccordionHeader.tsx; src/components/pdoReport/ReportModalLayout.tsx",None (Pure UI),Inline Styles,"Texts: [TEXT_PDO_FORM], InlineStyles: 3",None,share (kandidat shared UI)
src/components/pdoReport/ReportTrafficJamsSection.tsx,Feature Component,pdoReport,Komponen UI ReportTrafficJamsSection untuk fitur pdoReport,148,src/components/pdoReport/index.ts,None (Pure UI),"Form Input; Interactive Button; Inline Styles; CSS Classes","Texts: [TEXT_PDO_FORM], InlineStyles: 9",None,keep
src/components/pdoReport/RouteOperationalReportCard.tsx,Card / Presentation,pdoReport,Komponen UI RouteOperationalReportCard untuk fitur pdoReport,247,"src/components/pdoReport/index.ts; src/components/pdoReport/RouteOperationalReportCard.test.tsx; src/components/RouteOperationalReportCard.tsx","OperationalReport; Supabase","Inline Styles; CSS Classes","Texts: [TEXT_PDO_FORM, TEXT_ERRORS], InlineStyles: 2",src/components/pdoReport/RouteOperationalReportCard.test.tsx,keep
src/components/pdoReport/index.ts,Folder Barrel / Re-export,pdoReport,Komponen UI index untuk fitur pdoReport,9,src/components/pdoReport/RouteOperationalReportCard.tsx,OperationalReport,Standard Render,"Texts: [None], InlineStyles: 0","src/components/routeSelector/RouteSelectorCard.test.tsx; src/constants/texts/texts.test.ts; src/services/googleSheets/globalReportReader.test.ts; src/services/routeService.test.ts",keep
src/components/profileMenu/ProfileAdminSection.tsx,Feature Component,profileMenu,Komponen UI ProfileAdminSection untuk fitur profileMenu,133,"src/components/profileMenu/index.ts; src/components/profileMenu/ProfileMenuSheet.tsx",Role/Auth,"Interactive Button; Inline Styles","Texts: [TEXT_DASHBOARD], InlineStyles: 15",None,keep
src/components/profileMenu/ProfileFeaturesSection.tsx,Feature Component,profileMenu,Komponen UI ProfileFeaturesSection untuk fitur profileMenu,335,"src/components/profileMenu/index.ts; src/components/profileMenu/ProfileFeaturesSection.test.tsx; src/components/profileMenu/ProfileMenuSheet.tsx",OfflineSync,"Interactive Button; Inline Styles","Texts: [TEXT_DASHBOARD], InlineStyles: 33",src/components/profileMenu/ProfileFeaturesSection.test.tsx,keep
src/components/profileMenu/ProfileMenuFooter.tsx,Navigation / Bar,profileMenu,Komponen UI ProfileMenuFooter untuk fitur profileMenu,69,"src/components/profileMenu/index.ts; src/components/profileMenu/ProfileMenuSheet.tsx",None (Pure UI),"Interactive Button; Inline Styles","Texts: [TEXT_DASHBOARD], InlineStyles: 3",None,keep
src/components/profileMenu/ProfileMenuSheet.tsx,Modal / Bottom Sheet,profileMenu,Komponen UI ProfileMenuSheet untuk fitur profileMenu,179,"src/components/profileMenu/index.ts; src/components/profileMenu/ProfileMenuSheet.test.tsx; src/components/ProfileMenuSheet.tsx",OfflineSync,"Portal; Dialog / Overlay; Interactive Button; Inline Styles; CSS Classes; Scrollable Container; Touch Gesture","Texts: [None], InlineStyles: 2",src/components/profileMenu/ProfileMenuSheet.test.tsx,keep
src/components/profileMenu/ProfileUserCard.tsx,Card / Presentation,profileMenu,Komponen UI ProfileUserCard untuk fitur profileMenu,147,"src/components/profileMenu/index.ts; src/components/profileMenu/ProfileMenuSheet.tsx",None (Pure UI),"Interactive Button; Inline Styles","Texts: [TEXT_DASHBOARD], InlineStyles: 11",None,keep
src/components/profileMenu/UserProfileHeader.tsx,Navigation / Bar,profileMenu,Komponen UI UserProfileHeader untuk fitur profileMenu,172,"src/components/profileMenu/index.ts; src/components/profileMenu/UserProfileHeader.test.tsx; src/components/UserProfileHeader.tsx",Role/Auth,"Interactive Button; Inline Styles; CSS Classes","Texts: [TEXT_DASHBOARD, TEXT_USER_MANAGEMENT], InlineStyles: 6",src/components/profileMenu/UserProfileHeader.test.tsx,keep
src/components/profileMenu/index.ts,Folder Barrel / Re-export,profileMenu,Komponen UI index untuk fitur profileMenu,10,Entrypoint / Root,None (Pure UI),Standard Render,"Texts: [None], InlineStyles: 0","src/components/routeSelector/RouteSelectorCard.test.tsx; src/constants/texts/texts.test.ts; src/services/googleSheets/globalReportReader.test.ts; src/services/routeService.test.ts",keep
src/components/profileMenu/types.ts,Types,profileMenu,Definisi TypeScript types dan interfaces fitur profileMenu,27,"src/components/profileMenu/index.ts; src/components/profileMenu/ProfileMenuSheet.tsx; src/components/profileMenu/ProfileUserCard.tsx; src/components/profileMenu/useProfileData.ts; src/components/ProfileMenuSheet.tsx","Role/Auth; OfflineSync",Standard Render,"Texts: [None], InlineStyles: 0","src/components/monitoring/tabs/MonitoringFleetStatusTab.test.tsx; src/services/googleSheets/core.test.ts; src/utils/cacheUtils.test.ts; src/utils/holidayUtils.test.ts; src/utils/routeValidation.test.ts; src/utils/sheetIdentity.test.ts",keep
src/components/profileMenu/useProfileData.ts,Feature Hook,profileMenu,Hook manajemen state dan interaksi fitur profileMenu,96,"src/components/profileMenu/index.ts; src/components/profileMenu/ProfileMenuSheet.tsx","GoogleSheetsService; Supabase; Role/Auth",Standard Render,"Texts: [TEXT_DASHBOARD], InlineStyles: 0",None,keep
src/components/profileMenu/useSheetGesture.ts,Feature Hook,profileMenu,Hook manajemen state dan interaksi fitur profileMenu,87,"src/components/profileMenu/index.ts; src/components/profileMenu/ProfileMenuSheet.tsx",None (Pure UI),Standard Render,"Texts: [None], InlineStyles: 0",None,keep
src/components/routeSelector/AddRouteModal.tsx,Modal / Bottom Sheet,routeSelector,Komponen UI AddRouteModal untuk fitur routeSelector,362,src/components/routeSelector/index.ts,None (Pure UI),"Dialog / Overlay; Form Input; Interactive Button; Inline Styles; CSS Classes; Scrollable Container","Texts: [TEXT_DASHBOARD, TEXT_COMMON], InlineStyles: 28",None,keep
src/components/routeSelector/RouteSelectorCard.tsx,Card / Presentation,routeSelector,Komponen UI RouteSelectorCard untuk fitur routeSelector,240,"src/components/routeSelector/index.ts; src/components/routeSelector/RouteSelectorCard.test.tsx; src/components/RouteSelectorCard.tsx",None (Pure UI),Standard Render,"Texts: [TEXT_DASHBOARD], InlineStyles: 0",src/components/routeSelector/RouteSelectorCard.test.tsx,keep
src/components/routeSelector/RouteSelectorSheet.tsx,Modal / Bottom Sheet,routeSelector,Komponen UI RouteSelectorSheet untuk fitur routeSelector,385,src/components/routeSelector/index.ts,None (Pure UI),"Portal; Dialog / Overlay; Interactive Button; Inline Styles; CSS Classes; Scrollable Container; Touch Gesture","Texts: [TEXT_DASHBOARD, TEXT_COMMON], InlineStyles: 26",None,keep
src/components/routeSelector/UnifiedRouteControlBar.tsx,Navigation / Bar,routeSelector,Komponen UI UnifiedRouteControlBar untuk fitur routeSelector,185,src/components/routeSelector/index.ts,None (Pure UI),"Interactive Button; Inline Styles; CSS Classes","Texts: [TEXT_DASHBOARD], InlineStyles: 8",None,keep
src/components/routeSelector/dateUtils.ts,Feature Component,routeSelector,Komponen UI dateUtils untuk fitur routeSelector,30,"src/components/routeSelector/index.ts; src/components/routeSelector/useAddRouteForm.ts",None (Pure UI),Standard Render,"Texts: [TEXT_COMMON], InlineStyles: 0",None,keep
src/components/routeSelector/index.ts,Folder Barrel / Re-export,routeSelector,Komponen UI index untuk fitur routeSelector,9,src/components/routeSelector/RouteSelectorCard.tsx,None (Pure UI),Standard Render,"Texts: [None], InlineStyles: 0","src/components/routeSelector/RouteSelectorCard.test.tsx; src/constants/texts/texts.test.ts; src/services/googleSheets/globalReportReader.test.ts; src/services/routeService.test.ts",keep
src/components/routeSelector/types.ts,Types,routeSelector,Definisi TypeScript types dan interfaces fitur routeSelector,36,"src/components/routeSelector/index.ts; src/components/routeSelector/RouteSelectorCard.tsx; src/components/routeSelector/useAddRouteForm.ts; src/components/routeSelector/useRouteCascade.ts; src/components/RouteSelectorCard.tsx",Supabase,Standard Render,"Texts: [None], InlineStyles: 0","src/components/monitoring/tabs/MonitoringFleetStatusTab.test.tsx; src/services/googleSheets/core.test.ts; src/utils/cacheUtils.test.ts; src/utils/holidayUtils.test.ts; src/utils/routeValidation.test.ts; src/utils/sheetIdentity.test.ts",keep
src/components/routeSelector/useAddRouteForm.ts,Feature Hook,routeSelector,Hook manajemen state dan interaksi fitur routeSelector,277,src/components/routeSelector/index.ts,"GoogleSheetsService; Supabase",Standard Render,"Texts: [TEXT_DASHBOARD], InlineStyles: 0",None,keep
src/components/routeSelector/useRouteCascade.ts,Feature Hook,routeSelector,Hook manajemen state dan interaksi fitur routeSelector,330,src/components/routeSelector/index.ts,Supabase,Standard Render,"Texts: [None], InlineStyles: 0",None,keep
src/components/userManagement/RoleBadge.tsx,UI Primitive / Atom,userManagement,Komponen UI RoleBadge untuk fitur userManagement,132,"src/components/RoleBadge.tsx; src/components/userManagement/index.ts; src/components/userManagement/RoleBadge.test.tsx",Supabase,"Inline Styles; CSS Classes","Texts: [None], InlineStyles: 2",src/components/userManagement/RoleBadge.test.tsx,share (kandidat shared UI)
src/components/userManagement/UserCardAvatar.tsx,Card / Presentation,userManagement,Komponen UI UserCardAvatar untuk fitur userManagement,64,"src/components/userManagement/index.ts; src/components/userManagement/UserCardItem.tsx",Supabase,Inline Styles,"Texts: [None], InlineStyles: 2",None,keep
src/components/userManagement/UserCardItem.tsx,Card / Presentation,userManagement,Komponen UI UserCardItem untuk fitur userManagement,286,src/components/userManagement/index.ts,Supabase,"Interactive Button; Inline Styles","Texts: [TEXT_USER_MANAGEMENT], InlineStyles: 18",None,keep
src/components/userManagement/UserManagementFilters.tsx,Feature Component,userManagement,Komponen UI UserManagementFilters untuk fitur userManagement,181,src/components/userManagement/index.ts,Supabase,"Form Input; Interactive Button; Inline Styles","Texts: [TEXT_USER_MANAGEMENT], InlineStyles: 7",None,keep
src/components/userManagement/UserManagementHeader.tsx,Navigation / Bar,userManagement,Komponen UI UserManagementHeader untuk fitur userManagement,175,src/components/userManagement/index.ts,None (Pure UI),"Interactive Button; Inline Styles; CSS Classes","Texts: [TEXT_USER_MANAGEMENT], InlineStyles: 11",None,keep
src/components/userManagement/UserManagementPage.tsx,Page / Orchestrator,userManagement,Komponen UI UserManagementPage untuk fitur userManagement,325,"src/components/userManagement/index.ts; src/components/UserManagementPage.tsx","GoogleSheetsService; Supabase",Inline Styles,"Texts: [TEXT_USER_MANAGEMENT], InlineStyles: 3",None,keep
src/components/userManagement/UserManagementStates.tsx,Feature Component,userManagement,Komponen UI UserManagementStates untuk fitur userManagement,132,src/components/userManagement/index.ts,None (Pure UI),"Inline Styles; CSS Classes","Texts: [TEXT_USER_MANAGEMENT], InlineStyles: 11",None,keep
src/components/userManagement/index.ts,Folder Barrel / Re-export,userManagement,Komponen UI index untuk fitur userManagement,9,src/components/userManagement/UserManagementPage.tsx,None (Pure UI),Standard Render,"Texts: [None], InlineStyles: 0","src/components/routeSelector/RouteSelectorCard.test.tsx; src/constants/texts/texts.test.ts; src/services/googleSheets/globalReportReader.test.ts; src/services/routeService.test.ts",keep
src/components/userManagement/userManagementModals.ts,Feature Hook,userManagement,Dialog SweetAlert2 untuk menambahkan user baru,216,src/components/userManagement/index.ts,Supabase,Form Input,"Texts: [TEXT_USER_MANAGEMENT], InlineStyles: 0",None,keep
src/components/waReport/WaReportFormatTabs.tsx,Tab Section,common,Komponen UI WaReportFormatTabs untuk fitur common,305,src/components/waReport/index.ts,MonitoringService,"Interactive Button; Inline Styles; CSS Classes","Texts: [TEXT_WA_REPORT], InlineStyles: 23",None,keep
src/components/waReport/WaReportHeader.tsx,Navigation / Bar,common,Komponen UI WaReportHeader untuk fitur common,70,src/components/waReport/index.ts,None (Pure UI),"Interactive Button; Inline Styles","Texts: [TEXT_WA_REPORT], InlineStyles: 6",None,keep
src/components/waReport/WaReportModal.tsx,Modal / Bottom Sheet,common,Komponen UI WaReportModal untuk fitur common,101,"src/components/waReport/index.ts; src/components/waReport/WaReportModal.test.tsx; src/components/WaReportModal.tsx",None (Pure UI),"Interactive Button; Inline Styles; Scrollable Container","Texts: [None], InlineStyles: 2",src/components/waReport/WaReportModal.test.tsx,keep
src/components/waReport/WaReportPreview.tsx,Feature Component,common,Komponen UI WaReportPreview untuk fitur common,104,src/components/waReport/index.ts,None (Pure UI),"Interactive Button; Inline Styles; Scrollable Container","Texts: [TEXT_WA_REPORT], InlineStyles: 4",None,keep
src/components/waReport/index.ts,Folder Barrel / Re-export,common,Komponen UI index untuk fitur common,7,src/components/waReport/WaReportModal.tsx,None (Pure UI),Standard Render,"Texts: [None], InlineStyles: 0","src/components/routeSelector/RouteSelectorCard.test.tsx; src/constants/texts/texts.test.ts; src/services/googleSheets/globalReportReader.test.ts; src/services/routeService.test.ts",keep
src/components/waReport/types.ts,Types,common,Definisi TypeScript types dan interfaces fitur common,12,"src/components/waReport/index.ts; src/components/waReport/useWaReportData.ts; src/components/waReport/WaReportFormatTabs.tsx; src/components/waReport/WaReportModal.tsx; src/components/WaReportModal.tsx",MonitoringService,Standard Render,"Texts: [None], InlineStyles: 0","src/components/monitoring/tabs/MonitoringFleetStatusTab.test.tsx; src/services/googleSheets/core.test.ts; src/utils/cacheUtils.test.ts; src/utils/holidayUtils.test.ts; src/utils/routeValidation.test.ts; src/utils/sheetIdentity.test.ts",keep
src/components/waReport/useWaReportData.ts,Feature Hook,common,Hook manajemen state dan interaksi fitur common,198,src/components/waReport/index.ts,MonitoringService,Standard Render,"Texts: [TEXT_WA_REPORT], InlineStyles: 0",None,keep